fulfillment_date,order_id,shipping_cost
2026-07-02T11:46:01Z,397385a2-cae1-4a38-a1b8-d0980eb1fbd6,13.66
2026-07-02T17:00:34Z,64e7136c-f06f-4c87-b3dc-91eefb47a1c9,10.47
2026-07-03T02:07:45Z,e6d79fe6-2d89-4014-8402-f9866311899c,5.11
2026-07-03T13:37:24Z,0913e852-991c-4acf-9656-b4fc8454d628,12.09
2026-07-03T15:56:48Z,4a21980a-50da-4e6c-bdec-5bfeb9c487cb,4.64
2026-07-03T17:52:20Z,229e94b7-0e2c-411d-89df-5f33a64d6377,13.36
2026-07-03T18:31:45Z,c5604b39-4de7-4698-9edd-16dcf64dfb00,9.93
2026-07-03T19:00:46Z,7041cdca-183a-477a-bc74-f137c13ab61d,10.67
2026-07-03T19:27:29Z,d4c7c24f-5ad4-42ec-95bd-12257395d5c2,4.73
2026-07-03T19:47:27Z,8c84c41d-309c-4564-8597-dea31dc67eec,12.71
2026-07-03T19:57:17Z,b8cfa0fc-aa04-49e8-b129-a9d6080474ef,8.74
2026-07-03T20:09:00Z,f72950d8-9472-440f-8b56-f452be51d65d,7.63
2026-07-04T02:04:21Z,d63dcb3c-bc6e-4f80-9116-fbcd8158cc44,12.88
2026-07-04T05:03:15Z,6985c6a7-90d0-4d6c-82f1-b509614d0093,13.20
2026-07-04T07:59:10Z,d4b68c41-3fca-4063-8517-ca3aace4ad67,6.12
2026-07-04T10:27:34Z,ad4b9025-84aa-4731-bdd9-bae73edda971,7.13
2026-07-04T16:03:47Z,17e61139-e7db-45e2-a1b4-dfd0da337fb8,4.33
2026-07-04T19:35:32Z,0a384543-a0a4-4a99-9f7a-298c8c5c333b,7.06
2026-07-04T21:21:45Z,92fb33ea-3100-4176-9ede-25c4a6598395,14.98
2026-07-05T00:16:07Z,57cfb9e4-0b64-49ba-a2d9-7250ee524a17,10.88
2026-07-05T02:54:48Z,e88d258e-9e04-4bd8-bb04-8a839b6a77f9,6.69
2026-07-05T04:39:40Z,3e39099f-5f29-4359-8431-843e95ceb046,9.88
2026-07-05T07:26:04Z,f65f98f8-fcb6-4522-9633-38388acfc3fb,6.94
2026-07-05T13:30:38Z,70a38ea2-2d5b-48d4-b1df-13628a4d6777,4.01
2026-07-05T15:40:45Z,5ec47f2d-5bb0-4c8c-bc2c-edba27391ae9,13.12
2026-07-05T19:25:34Z,b8a7e7a9-10c5-49e3-ba2c-5c131b994ce3,13.48
2026-07-05T21:14:04Z,4094f4de-9d4b-413f-8a32-e3f2122b0ded,9.75
2026-07-06T00:31:49Z,086fb43e-6e72-4779-9f83-d22d97ed7791,8.21
2026-07-06T01:01:06Z,de66e729-4f15-46cf-945b-32dd3a84cd6f,12.87
2026-07-06T03:34:29Z,d7226c89-1c3d-425c-96be-ac2d64e3e10f,8.64
2026-07-06T05:50:10Z,76db4228-08ae-4c63-979a-f39b02bd0c91,12.09
2026-07-06T11:35:07Z,e4ad9607-9d0e-4d65-81d6-9adcfb99a8db,5.63
2026-07-06T12:00:41Z,044b1815-ddf7-43f6-a19c-0726b55aa36d,9.11
2026-07-06T14:32:04Z,513c5dd1-64dc-452b-8ecc-1b6a0e342b73,14.59
2026-07-06T15:35:21Z,09177923-1a68-409d-964c-1b97e45c8f0d,11.76
2026-07-06T17:41:19Z,2ebc4cc6-fe62-43ae-bac8-49da3ad8d41d,12.24
2026-07-07T01:06:34Z,afc2e8b3-c0cb-4aee-a82c-00cba3ac06af,5.49
2026-07-07T01:23:38Z,43252ba7-f9ca-4e91-921b-5c231d423e4c,6.72
2026-07-07T06:37:18Z,fed1c610-6a11-4c73-bff3-21e32f906154,4.00
2026-07-07T08:02:34Z,ff92adb0-f0d0-415b-9dba-9ec0fa2a0315,7.00
2026-07-07T16:45:36Z,ccd6b28d-bb2e-478e-a3b0-1d13b558ae11,14.60
2026-07-07T22:56:54Z,67c19c65-370b-4676-9bdc-bb53da9c8669,10.71
2026-07-08T03:27:03Z,8e899680-9295-42cb-87bc-0bed7b746c36,13.18
2026-07-08T05:55:00Z,5b1f76ad-3090-41b2-927b-dfcb8b769fea,7.13
2026-07-08T06:53:27Z,e8d21e58-2231-45f4-aaac-fbec3510bd93,10.81
2026-07-08T07:28:47Z,1c3a7ba2-4c44-40c5-b515-233700e62d42,8.49
2026-07-08T08:42:02Z,439720c5-754d-4ecc-b309-7e5f5bad4e6e,9.39
2026-07-08T12:11:30Z,8707ec2c-98c5-4e7d-ba09-4f6db0eccbc0,12.08
2026-07-08T14:03:54Z,8cc441d7-87ee-4a68-b739-02d9fdee6465,9.44
2026-07-08T16:57:04Z,cea69714-388b-49d1-9600-88543d02ee68,4.21
2026-07-08T17:53:21Z,1c67750b-3e1b-4f97-a5a2-e69dcdff1cad,9.41
2026-07-08T19:16:47Z,379e981c-9031-4988-bbdc-6b80daabeef0,5.39
2026-07-08T20:08:13Z,5e3dcf88-8d4d-4f84-b27c-8aa46df24a56,11.58
2026-07-09T01:47:43Z,b1e791eb-0fab-42be-996c-ea45fbe51b5a,10.14
2026-07-09T01:50:14Z,a2076708-90b8-4d07-b2cb-5134887b984b,9.14
2026-07-09T03:15:40Z,792bf886-8f69-4cd0-bed2-e9ef83bd32eb,12.04
2026-07-09T04:29:12Z,8f636d0d-6169-4401-96b2-c97fb92b3b7c,6.50
2026-07-09T06:08:17Z,833a9fb7-a954-4c85-8fa3-b09551b57108,13.20
2026-07-09T07:33:03Z,17e858c9-24a6-4a08-a6eb-48c91561e6db,11.58
2026-07-09T08:05:01Z,165caebf-f7d0-4508-8e26-0363701aebfc,13.68
2026-07-09T10:48:33Z,8d27b1d9-8846-4324-b3bd-c1d836861028,6.64
2026-07-09T12:24:25Z,2f4d3214-a686-45c6-8731-d7a1f247bda8,5.44
2026-07-09T12:32:02Z,c046bc61-5aee-4083-a62b-122420588e30,14.16
2026-07-09T17:21:56Z,d469b546-590c-47df-a185-6686928d46ee,14.04
2026-07-09T20:09:27Z,e6a392b4-8d53-480f-b222-9f52d267ab19,9.89
2026-07-10T01:10:06Z,a0896a71-7c71-4f65-9039-c9e9ece7d699,5.33
2026-07-10T04:11:29Z,573e6a9c-9f13-42e8-a407-dc5b34ee9182,9.20
2026-07-10T08:03:40Z,0ebd7c4b-7a24-4acd-af3b-6cb47e8ee9ee,9.84
2026-07-10T11:11:09Z,4fe4021b-e507-4e2b-afee-67e40bcd248d,12.69
2026-07-10T11:33:42Z,d6454878-7dad-4508-b4dc-69680731ed0a,8.51
2026-07-10T15:41:20Z,4bad2560-a1af-4043-8514-48fc21feae1a,6.78
2026-07-10T18:22:15Z,bc50a39c-b4f1-444e-aa17-72eeb96c6081,13.07
2026-07-10T19:50:56Z,8e2a015e-7d5d-4d70-803d-84898ea29844,8.77
2026-07-11T01:35:42Z,e628ad72-78e7-4b7c-b93a-1ae4c615f36d,6.92
2026-07-11T02:29:15Z,931885d7-f686-4785-92fa-f3a21e5f9825,12.66
2026-07-11T03:02:58Z,338ed1d1-497b-43c2-86a0-a0b4ac498d02,11.42
2026-07-11T10:08:51Z,62902aad-9159-46fe-8773-74fb2f1bfd6c,9.19
2026-07-11T12:44:38Z,bd8fee9e-8c30-42c9-a55b-343748fb9219,14.42
2026-07-11T13:18:30Z,814a1fa0-9e78-41d2-8725-0efe94b7c2b8,6.49
2026-07-11T14:35:39Z,78a25ab8-e0a9-44c1-83d0-87792d6a2f2a,12.06
2026-07-11T15:08:31Z,843dc25f-a72e-4c34-ae73-da079b2017a7,9.21
2026-07-11T15:42:31Z,c0f5e260-8297-47fd-b99a-014f61b72a81,11.38
2026-07-11T15:43:14Z,8cb1e211-9ff7-48a1-ac94-41493a1432dc,5.74
2026-07-11T18:09:01Z,c85be3fa-56e3-4b21-a943-225555032312,7.88
2026-07-11T19:56:05Z,a052cfd4-705a-4983-a934-0e86a330cb99,10.45
2026-07-12T00:14:00Z,2686c653-476f-45f1-8e27-9f24ec5d564d,7.66
2026-07-12T01:28:34Z,44204ac1-5dc8-44e5-8213-b5744677ea72,8.08
2026-07-12T06:43:23Z,f6eaed48-d2ee-44e3-8141-74daf527bd28,8.42
2026-07-12T08:51:29Z,7d60db2a-6151-4ae0-9856-d2c0ff17769b,9.22
2026-07-12T09:06:48Z,62830aeb-c33f-4405-918b-bceb624e91ce,9.17
2026-07-12T09:34:13Z,918f3b92-e76d-419e-8f1e-318fbc54d0e1,13.57
2026-07-12T12:24:41Z,b46ba55c-6d8c-4f17-aa47-bd8e478db3ac,8.57
2026-07-12T13:33:04Z,b76a429a-2f86-417a-9560-ff2018f48446,14.50
2026-07-12T15:58:50Z,e2f093fd-4b66-423d-903d-d69751c8fa1b,9.47
2026-07-12T19:56:18Z,182da98c-d29b-46db-9e72-f2a2613fac6c,7.00
2026-07-12T21:11:21Z,f3f4460c-da31-4d8d-9798-2445dbbb9137,9.58
2026-07-12T23:13:19Z,4ab3e570-185a-49c3-a498-f1927950746f,7.25
2026-07-12T23:44:52Z,a5b8f8ac-2666-40c6-a891-007740b10dea,5.58
2026-07-13T07:34:27Z,2c1b2606-a8a6-4e9d-b99b-1c6a4562b8e0,6.51
2026-07-13T09:03:35Z,7235e107-70e4-4d80-9ba1-d84134e46f09,5.54
2026-07-13T11:18:03Z,2320c64b-6968-4e35-9111-2117f71acbad,13.51
2026-07-13T14:29:25Z,472eddf6-1171-4de8-b42a-a22cfa771209,4.23
2026-07-13T16:39:31Z,62959fc6-f623-4fa8-b449-d665ba5ca6bb,7.24
2026-07-13T16:51:49Z,fcdc8e92-8ff5-4417-8178-0a3eb739bb85,7.33
2026-07-13T19:03:43Z,3c16def0-35b6-4a15-925b-b5b6ef9ba9e4,5.32
2026-07-13T20:58:04Z,2cf210a1-3b04-4b58-8e72-ce67e7d780b8,6.37
2026-07-13T22:07:01Z,6a90a69c-7c80-486a-9897-643c94667fd9,4.70
2026-07-14T04:24:02Z,3b38a3b0-11ca-420d-b2b5-ab2c216dac9d,6.37
2026-07-14T07:32:48Z,cb227404-3758-4dcf-8b2c-be55cdf79205,8.73
2026-07-14T08:28:46Z,5535d0ff-6b91-418b-9dcc-c3322e7df0ef,13.96
2026-07-14T09:31:51Z,f392a61b-18f6-46b2-989c-96a862bfd8b7,6.44
2026-07-14T09:52:32Z,25e1ff75-0f81-4185-82ac-8c9f9c76bdf6,12.35
2026-07-15T00:06:32Z,c8760d20-775f-41b9-ad40-3c0648baf539,7.69
2026-07-15T00:34:05Z,8a64a365-11bf-473b-a1bf-bdfe67980791,7.72
2026-07-15T04:44:50Z,2eb33367-fd32-4c93-bda7-815525320141,11.68
2026-07-15T08:34:21Z,7bacc87d-3fe3-426b-90ab-037bb022cc6f,13.72
2026-07-15T09:40:27Z,ed15c81c-ccca-448b-ad72-6e71e5e98fbc,11.35
2026-07-15T13:26:33Z,644b853d-20b1-441d-9e7c-22535a703d0b,6.65
2026-07-15T13:51:16Z,335794b2-640e-494a-8b84-ab977660a268,7.01
2026-07-15T14:23:59Z,2c4e082a-379a-48ab-a597-f7b470bba634,5.76
2026-07-15T16:30:18Z,c8f6eb38-1fa9-4b8b-b330-08e172859a04,9.29
2026-07-15T20:29:45Z,fb2ad9b1-79bd-41b5-8190-18ea9df8eb9c,14.88
2026-07-15T22:10:51Z,28076f33-e121-4381-8213-3e8ef8861cf0,4.82
2026-07-15T23:06:21Z,786bccd6-e1c4-4c1d-b477-8eed5dbb2d37,12.13
2026-07-15T23:09:38Z,938588c6-0a1d-49ba-95fa-9e01e7bc8549,7.99
2026-07-15T23:41:32Z,83f779a9-bdf4-4ccd-b5be-1f5c7fcbc472,8.96
2026-07-16T02:56:32Z,7b34e60e-0fb4-4fb0-9c9a-6a55957d35f3,4.29
2026-07-16T06:04:42Z,8b9d1337-ce17-4038-bca7-1248944abcb1,8.52
2026-07-16T06:52:33Z,1c6d4a9f-f322-46e7-bde2-82ec7ca53452,7.35
2026-07-16T08:34:18Z,1acd7c85-9f59-48bc-975e-33f53b462695,14.96
2026-07-16T09:58:56Z,019e0891-de58-4480-bd68-837c32b6cb4b,8.04
2026-07-16T11:46:47Z,cf7978fe-b3a3-4189-9684-1cf6fcf0c4ee,8.91
2026-07-16T14:44:20Z,c6667e0c-f2ec-477a-b4ab-70a244a7c440,14.98
2026-07-16T17:12:44Z,d26548d0-32d8-4170-b30f-8c91325cbc87,14.85
2026-07-16T19:11:45Z,796fca37-ed30-4f62-bf06-8fc9ba4c0c22,10.99
2026-07-16T19:19:08Z,df03bf99-027e-4ff3-a40b-280913125a91,14.43
2026-07-16T20:07:45Z,c24f508e-24a9-4233-be02-8f9b6c4c0d2f,14.20
2026-07-16T20:34:50Z,6489ccd3-a5b9-4b87-a276-e11e4e361cef,10.09
2026-07-16T20:51:28Z,6b1c44dc-dda5-4fc5-9a17-36eb96e90f96,14.83
2026-07-16T21:51:51Z,b882a6a2-6bb3-4d06-be10-a6bddcf616ac,7.23
2026-07-16T22:04:28Z,36ec9ec3-b27b-485c-b3fc-5b4e415b9c2b,7.07
2026-07-17T04:52:54Z,4ee916e7-8883-4768-96ee-4afc7cdae24a,8.95
2026-07-17T06:48:46Z,08c82476-4e32-4f2e-9723-444f2a1e87ef,6.73
2026-07-17T08:53:56Z,09edc549-40e0-4140-9c87-8e6a39f05997,4.54
2026-07-17T13:20:06Z,315449c8-e0f6-464f-8ff7-4035f24a8e90,6.01
2026-07-17T16:39:01Z,e99a9f03-c550-4ecc-a992-7e0eba9fbe3b,9.76
2026-07-18T04:39:15Z,a28614dc-a3a0-46f0-bce5-ce08df54d6ce,7.44
2026-07-18T10:00:41Z,5c7d28ee-b673-41a0-b827-b20ea83a13d3,5.21
2026-07-18T11:00:51Z,83183009-1073-455a-9746-59efe924c2cf,12.13
2026-07-18T14:50:41Z,31024aa5-1854-4512-a618-f52e6ee3fff1,7.19
2026-07-18T17:03:56Z,bec1e53f-4f73-4054-976e-77a5ebec1c42,4.56
2026-07-18T20:33:03Z,3e3e5eaf-514e-4f64-9a1c-b6ee2d7f5c75,5.76
2026-07-19T05:02:23Z,ac0ba5f8-1d8a-4d37-af4d-0315efea4acc,14.85
2026-07-19T05:30:11Z,89af4434-8bac-49ff-a76c-1f44cd9bf8b9,6.59
2026-07-19T11:48:22Z,cc41b549-1bf9-4dc7-b6db-c89dd2ccdbdb,14.51
2026-07-19T12:06:41Z,39d94425-0b8e-4a26-945f-1a3ff6216254,6.55
2026-07-19T12:36:54Z,59febff9-a382-4ffa-9887-4061bb23530d,9.45
2026-07-19T15:17:08Z,222dac79-2ea1-42ad-b5fc-8b0efe8fcf9d,12.70
2026-07-19T18:25:48Z,40cf488a-5fd2-4c10-85cd-1ad3793eadb0,4.43
2026-07-19T21:56:41Z,814a5592-6e7e-46ac-ad71-33a6f1a06e66,11.59
2026-07-19T23:31:20Z,7c082c46-a885-4972-86d0-04af85876623,11.76
2026-07-20T02:47:35Z,99aeb075-06da-4af5-9cb7-e3f392ada2f9,7.90
2026-07-20T05:53:19Z,296c1dbf-4bfe-4352-b369-ff41d81e339d,14.15
2026-07-20T08:17:21Z,e6d581cc-4c85-4179-993b-341c098fc378,4.29
2026-07-20T11:03:48Z,e03a81bb-c4fc-4c1c-ada6-cdf8be4b5cba,4.95
2026-07-20T12:40:14Z,a8676ab1-6514-45b6-ac66-941429c30bf4,5.24
2026-07-20T14:36:59Z,9261a5cc-7216-43e2-a944-dff1c8033d5c,9.98
2026-07-20T15:11:43Z,28221704-089c-4a38-8b3a-e01ef94a432e,5.29
2026-07-20T15:20:34Z,b81344ee-c6b0-4e9d-bc5e-c93db5b9af2c,9.82
2026-07-20T16:08:03Z,12342779-591b-4b1c-9f85-218272265608,12.30
2026-07-20T16:11:30Z,4bc0e926-eff2-4c8d-9261-8a4562f28357,11.18
2026-07-20T21:24:19Z,9c28955f-73f6-4121-85fd-f79aaea4720e,14.04
2026-07-20T22:25:09Z,2cf60783-32b9-4d14-ba7c-75f9783eb8f7,11.33
2026-07-21T00:39:59Z,56ecea0c-8ed1-48cf-9a50-08b6e2198181,5.51
2026-07-21T02:50:37Z,bfddaf0b-d69d-4e73-8dba-7d2a8cdc6903,5.10
2026-07-21T03:26:18Z,4d0070e6-806b-4a16-b5fe-e7ea8a525636,4.88
2026-07-21T08:29:45Z,abc1c031-77e5-4635-9148-d1707bac220f,6.06
2026-07-21T10:31:07Z,a70aade3-0315-4b86-9ec4-ff6ddde56ecc,10.15
2026-07-21T12:50:30Z,a88b6115-ce59-4b5f-91a2-915d4765c71c,11.68
2026-07-21T15:02:16Z,9ff84935-c1f3-4fb3-b3db-1ea3b7ee7df7,14.53
2026-07-21T17:22:32Z,a2bfc50c-db02-4169-bf4c-4d6d0b2e65dc,8.55
2026-07-21T18:07:34Z,8f28b4cd-d853-4f96-9273-d4fd62a75b7b,10.20
2026-07-21T20:07:36Z,da33979e-3dc6-4303-b1e3-0722cd0fd980,5.81
2026-07-21T20:55:53Z,870414b4-ad0c-4a90-be83-7386e73c75fe,10.94
2026-07-21T21:29:35Z,98e8df70-0f62-4be3-a387-831c82bbc571,5.64
2026-07-21T22:54:39Z,5f1b0162-ea90-4c6b-99da-12010ea77a94,10.58
2026-07-21T23:50:19Z,e3b17b66-dc50-45cc-bf12-78173f8f40b7,13.84
2026-07-22T00:21:15Z,3b9cc643-b88d-4734-b042-ed22e76d61b5,9.64
2026-07-22T04:19:48Z,ac73f3bc-7dea-4363-b33d-4c0f3e57e10f,8.27
2026-07-22T05:56:33Z,2bcdd2d2-bc2e-492f-9506-0a2e695badef,4.82
2026-07-22T09:28:06Z,85c93579-3410-4329-9106-65493db83193,10.42
2026-07-22T10:16:54Z,f9093819-99ba-45b7-95c3-5f98f48c02c3,8.15
2026-07-22T12:25:13Z,b4b7694d-3fad-4da6-821b-96d73fb6283d,11.74
2026-07-22T12:35:14Z,74424732-c5f6-4f82-bd01-317555654741,4.90
2026-07-22T13:54:53Z,9777cb38-bc56-451d-aaf3-c334c250dfa4,7.01
2026-07-22T22:48:53Z,9dba800c-f568-4dbf-984d-2a5d6031ef8a,8.67
2026-07-23T03:59:35Z,2f85ed85-7e02-44f2-9b2b-c82c5b0655c9,12.57
2026-07-23T04:40:30Z,c70a8df6-61d2-4dc9-bcd6-612d65a324db,4.25
2026-07-23T06:14:41Z,b6f70648-9ce1-4a3a-898a-62dc624d42ef,6.10
2026-07-23T06:57:18Z,db3a8428-a625-4981-9e0b-74e4ca2cbaf0,10.06
2026-07-23T11:53:40Z,1614a576-6bed-4e7d-ba0a-825d53528d86,7.64
2026-07-23T16:34:25Z,c267574b-1ab0-4b74-920c-4ad307c533a2,6.48
2026-07-23T16:53:33Z,a34532cc-6805-48af-ae69-0cb24bf2250f,9.42
2026-07-23T20:46:21Z,fe6ac7a1-3b36-4f58-8bc9-0f28c5761c94,12.08
2026-07-23T21:22:58Z,e50bd64f-0dec-4a5a-a2f7-cdbe140757b1,12.97
2026-07-24T00:30:36Z,17f4ca0a-3bcd-4185-b943-c28d05e7f173,10.20
2026-07-24T01:53:06Z,4a6f20ca-3908-4c2d-900d-5c01851438f5,12.84
2026-07-24T04:18:41Z,b7d1f519-41d9-42ba-8969-060532009da6,13.26
2026-07-24T06:58:44Z,a75cb9cb-e41e-4649-836b-408a145a5641,9.01
2026-07-24T08:08:41Z,d40d64ee-4ef3-401f-af43-3d192e827b40,9.09
2026-07-24T14:38:11Z,3409c14e-862e-469b-bd89-85bbd770e73c,10.99
2026-07-24T15:48:10Z,4e8fabfd-7e03-4709-942a-b61e5452b9f8,6.47
2026-07-24T15:52:06Z,7519f9e6-047b-40d9-a79f-bc2ed8f20c17,11.05
2026-07-24T16:05:11Z,4021246d-8904-4cce-8ad4-cf7d8f36a0a8,5.53
2026-07-24T17:16:01Z,e355ec44-2ba5-4092-bb4f-8a43f74f7a6b,13.59
2026-07-24T18:15:54Z,ce59c6d3-0170-4b84-9b93-7ee61a5a36fb,4.59
2026-07-24T19:40:18Z,db8b4fc5-a646-4dd6-8877-65a8d69c1881,11.21
2026-07-24T21:08:49Z,44df9294-9ab1-49d6-b6fb-7cf3383d18a2,10.20
2026-07-24T22:41:27Z,aa16c9ab-3078-42f1-b3d0-727c94f92528,10.53
2026-07-25T02:53:16Z,79c1dcf2-b739-46e2-a65c-c2e304cdb2d8,11.02
2026-07-25T07:42:22Z,5343e2ed-7537-4efe-8ec2-5c44e832fd85,5.30
2026-07-25T16:34:55Z,28d298de-a135-48f4-8864-33db9bb6e956,8.57
2026-07-25T20:44:49Z,805b146d-2650-48c9-bc5b-206bb169f114,13.05
2026-07-25T21:00:49Z,7b2fa22f-ff4a-4890-8b03-97bac234fc0f,4.09
2026-07-25T21:15:46Z,deabf440-e8cb-430e-b82a-c3aecdfb8f2c,10.60
2026-07-25T23:07:28Z,0f0ea723-5ea5-4b02-b907-7082db463f5b,5.11
2026-07-25T23:59:12Z,4f5f0c11-2e5a-4176-8e16-b4f3b864fc9c,8.32
2026-07-26T00:23:00Z,b923dfc8-2026-4512-a44b-c124236d4f6e,13.69
2026-07-26T00:56:34Z,70cc0cc3-d20d-40ef-939b-4b87824a4a37,6.89
2026-07-26T08:55:42Z,4a7e0141-cb2a-4160-8e17-1f1a79b49462,12.25
2026-07-26T08:59:10Z,f716cbba-a6bb-4636-8cd3-03fdae6029f7,7.36
2026-07-26T09:17:32Z,1cfa7cbe-a454-4b24-a6c7-2e8223591c64,8.00
2026-07-26T14:26:59Z,27893442-bde9-44e5-9cbe-85a32adb9350,8.58
2026-07-26T14:42:04Z,4fb4645a-6f5d-43cd-88c5-03992f71a67f,4.15
2026-07-26T17:02:14Z,92f4638f-5c5a-413a-aec9-aecda9b0e8aa,9.71
2026-07-26T20:14:29Z,09705f00-f53f-49b3-825c-1658965bce48,8.51
2026-07-26T21:30:00Z,2554b681-cb93-4612-a390-6ffe772a9e69,7.12
2026-07-26T22:08:55Z,a8fe8c65-1f5b-4c8b-b315-2eb1b51593ea,8.71
2026-07-27T00:20:08Z,0c144a25-573e-4721-82ea-7b28534c2055,14.00
2026-07-27T03:46:50Z,13b030f4-9b49-49f2-aa55-76bd31cb7adc,9.93
2026-07-27T04:27:59Z,1a41baf5-1092-4279-aa5e-af52a1383150,4.91
2026-07-27T06:03:37Z,6f575541-7038-4fdb-85d6-d18c197b051f,4.61
2026-07-27T06:27:18Z,a7c5b9a9-7839-46b5-9e82-3c0bb6c5da9c,5.50
2026-07-27T07:11:17Z,e7f5c474-0224-4b63-88ba-a349dc71c54d,9.67
2026-07-27T07:25:49Z,545724f6-b4b3-43d0-b4cf-6fc90a8fa4fc,6.65
2026-07-27T11:26:08Z,31ebe51b-c516-4b18-8f38-0e055d72c7bb,5.56
2026-07-27T13:23:04Z,ba9dd177-b462-418c-86b0-760caa4b85e2,11.95
2026-07-27T16:37:19Z,a78309e3-9723-4968-9671-c01868061600,5.00
2026-07-27T20:09:26Z,774f84a8-8cd0-4a4b-8d29-e8bdfe29a547,14.45
2026-07-27T20:15:04Z,c565a808-2690-484b-a25e-70992118ec24,7.34
2026-07-27T21:28:25Z,acd79f91-d100-41b4-97ca-c05cc71fb3e7,12.84
2026-07-27T22:37:22Z,d109384d-4c2e-49e4-a936-9539e5e9bcbb,14.70
2026-07-28T00:25:39Z,1de186f0-ff34-4226-a81c-428ba60ecc5f,5.71
2026-07-28T16:14:17Z,5a076114-881c-42f4-b1df-3b406f602ea1,14.72
2026-07-28T18:18:51Z,b8787b64-54e4-47cf-9766-231f793f361f,6.41
2026-07-28T21:40:09Z,921024be-f22d-4da3-a87a-f356d3fc7a94,7.94
2026-07-29T01:01:13Z,649f5434-6b5b-42fd-9474-40f90e4675e7,10.79
2026-07-29T01:47:00Z,e86732a4-0fa0-4224-8e35-d8d5f5d27ff5,14.31
2026-07-29T02:12:07Z,9978a161-9adf-4b01-aa38-df4087397bfe,11.84
2026-07-29T05:18:51Z,472fefa0-93e4-4397-8b9f-a9ed1852c0ec,6.93
2026-07-29T10:31:02Z,11ebdf89-3c22-4d81-bd17-8ea6d53ebc35,11.52
2026-07-29T17:14:31Z,293db7c4-65c3-4177-ba52-4f22970bba18,12.77
2026-07-29T19:21:51Z,3e2da15e-1b9c-4d9f-93ea-61af079694d9,10.45
2026-07-30T04:16:07Z,d3b093e1-03dd-488c-ab50-98cd2227745a,12.71
2026-07-30T07:05:36Z,57d97c1d-1833-423b-ba36-baab0ce9da9d,7.21
2026-07-30T07:49:04Z,a22348a9-6c37-4226-ab4d-8e6933eaf0a0,5.87
2026-07-30T12:09:32Z,c726ed21-2aa8-4f3b-bcfe-94fc434a0dbe,8.78
2026-07-30T13:18:20Z,ad915a5d-d444-443a-a765-f38aa78b597d,12.96
2026-07-31T05:06:44Z,84ebfb55-a795-4c6d-82e7-f87129d01d0c,14.13
2026-07-31T08:21:54Z,44ccdc44-d055-4cdb-a8ec-2b3f5f3c99ff,11.71
2026-07-31T09:28:16Z,adec788a-ceef-4085-b072-93a7ef52f4a7,5.42
2026-07-31T15:12:34Z,6cf2ca3d-61a0-45ab-9655-91c6416d6b86,8.43
2026-07-31T16:19:14Z,a6f3bf3e-2445-47fe-ab37-7f44fcf5914a,12.86
2026-07-31T23:46:54Z,2cdb1c48-3fff-4e10-9ff9-4274482cdef1,5.00
2026-08-01T01:17:11Z,b9a55a7c-10e4-4f01-b014-7d605488e31a,6.95
2026-08-01T05:50:12Z,ddadc874-85f6-43ce-b175-7fac5adc9866,9.57
2026-08-01T07:38:03Z,93b962d4-d14a-46c1-ad80-afcc9f7ac610,14.92
2026-08-01T07:49:46Z,e6fcf410-58af-49cc-83f3-0110dbf7e84b,13.83
2026-08-01T07:56:26Z,1e72d991-2de7-42a9-ad40-272fb6ced513,5.11
2026-08-01T09:07:15Z,4b733771-56b5-42f4-b685-576afd326235,14.44
2026-08-01T09:36:09Z,1f15aa0c-f464-43c8-8520-155927f51855,7.65
2026-08-01T10:31:00Z,c3398622-cfe5-4556-8b15-20d6bf89e3c8,8.25
2026-08-01T14:43:48Z,09315bf2-b68c-4be7-b27b-649ebcbf12d5,11.56
2026-08-01T18:05:17Z,ab8bb30f-7f65-496d-9b83-a15de2614dd4,8.58
2026-08-01T18:42:44Z,3eee5fbf-a229-4a14-8ff6-47f83ede1420,14.61
2026-08-01T19:59:43Z,3f3cebf3-2fb5-4496-beca-5e4297cb819a,12.99
2026-08-01T20:25:25Z,7e620691-31c6-4757-9cab-380adfc64cad,13.84
2026-08-02T03:01:54Z,5950f441-3d26-47b9-b080-5b3d1b37e6d7,7.01
2026-08-02T07:20:27Z,1e93ccf8-0e43-42c1-941d-4c3437700373,6.61
2026-08-02T16:54:40Z,8575d525-4e28-45bd-ab09-251fdc518bad,12.02
2026-08-02T17:23:51Z,5d0cfb18-58c3-4f56-a75e-2f04ba88d4a4,7.23
2026-08-02T18:25:51Z,c8fef1db-34e8-4e68-addd-3ad620fc13ca,14.97
2026-08-02T20:14:10Z,e4cd95ea-2512-4e3e-9b17-c3e7b44c1b3b,11.56
2026-08-02T21:10:50Z,0ba93e67-d253-4f4a-87e5-db3439572212,5.41
2026-08-03T00:26:31Z,502e4d58-e590-4e18-9991-04ebf3b1f42b,6.45
2026-08-03T02:36:17Z,d29e43f5-6284-439b-ae30-8a0a9f54fa48,10.76
2026-08-03T03:48:41Z,aaeb6718-3d54-4e12-a2d4-02b193744dee,9.41
2026-08-03T04:46:46Z,ebced9d6-75f5-47a6-b98c-2bff33980693,8.22
2026-08-03T06:37:36Z,61ad028c-739e-4aa3-8946-d73859ae223a,7.45
2026-08-03T09:33:59Z,3f4fec48-32db-45a6-9db2-c4f81fde5ddb,9.63
2026-08-03T15:46:53Z,50bc98d3-389e-44ff-a335-5e2a0b9a3882,9.75
2026-08-03T16:52:33Z,971e4db4-aab5-41c9-a42e-013133b787a6,5.54
2026-08-03T20:18:41Z,d41bab50-ffcc-44e3-a5c8-835823b8148a,13.07
2026-08-04T05:41:06Z,8be5ea7e-ba8a-43b5-8a2d-1c59da39b437,4.43
2026-08-04T06:54:05Z,d43fb452-aff2-4de9-87ae-9a586e25963e,4.39
2026-08-04T08:40:06Z,98952020-1030-44b2-9332-0223c3a3b1d6,11.17
2026-08-04T08:52:06Z,93f40f12-a835-405a-a5d2-ab3c6e48d1bc,10.03
2026-08-04T09:15:06Z,e7919fd7-e97a-47ab-a59f-b0c106a28c81,10.70
2026-08-04T12:39:25Z,d59df381-7473-45e3-a0e0-74bc0d4d92d9,4.20
2026-08-04T14:26:17Z,74e7f931-fd00-4dca-9ce2-d66552fb0347,9.05
2026-08-04T14:40:56Z,b6e23c8d-be63-4c75-92b5-748c3adb2234,12.07
2026-08-04T15:30:49Z,04bebb6b-fb29-4eee-bad5-66ea834a3036,14.87
2026-08-04T16:49:10Z,e8ab8119-657b-441f-bd83-f1f21dc72d87,12.60
2026-08-04T17:52:10Z,35843240-a914-4219-9654-4b9ba94cba34,10.56
2026-08-04T21:20:51Z,7b3f6721-0238-4dbf-b57d-d966e115b8a5,8.81
2026-08-05T00:08:08Z,99f089af-4dd4-4438-8b10-c551001a037b,13.49
2026-08-05T08:33:44Z,f5242e14-c9d6-4845-a344-eed2ae454b22,11.72
2026-08-05T11:27:05Z,ce036478-b5dc-46d7-b172-cf62517f7f4a,12.44
2026-08-05T17:52:07Z,1d82dec0-5d43-4bf2-886c-3baf068e0b71,5.19
2026-08-05T18:25:10Z,643b5731-bde5-45ca-9a47-f7798997d391,10.11
2026-08-05T22:40:48Z,f4ffc6d5-5e69-4b5b-be55-f748d1b212d2,5.17
2026-08-05T22:54:06Z,060d6296-843e-4103-817a-fb261f720e3f,12.10
2026-08-06T00:35:40Z,04a0a06a-3991-4bc4-98fe-44ee9bd1901a,11.73
2026-08-06T00:39:18Z,b820f2d2-0d97-49ab-8a63-8b8a1ba835c7,7.07
2026-08-06T02:43:10Z,a0d2e865-a484-459e-86c7-daa9de604cd3,7.94
2026-08-06T06:23:43Z,90eec62d-164d-4634-aafe-51da1a7f8f42,5.30
2026-08-06T09:57:08Z,71271e3c-b1ff-4c4c-a51a-6320a56ea5b4,11.75
2026-08-06T11:08:56Z,df2bf94a-7b51-4975-8dab-1e2458da04ef,8.64
2026-08-06T13:57:27Z,2c07badf-a725-4b41-81df-a62ba59ee9a1,11.62
2026-08-06T15:13:47Z,080b39bc-bede-4f0c-8086-8a02078fcf7a,13.04
2026-08-06T21:22:03Z,d4f6643f-7571-4aef-b8af-40f703c473be,12.29
2026-08-06T22:25:52Z,1365c4dc-4168-4db6-9017-4f8e673a4765,14.19
2026-08-06T22:57:30Z,235236b7-5980-4402-ad45-28f62e161be7,6.82
2026-08-07T01:12:25Z,9aff3501-73bf-4c7b-8075-c4378fd10541,7.45
2026-08-07T02:02:56Z,453dc0cd-056d-4e34-a944-bffa88fc8782,9.98
2026-08-07T02:24:42Z,0c52d05c-348b-4a2a-98b5-3a12d0779138,9.36
2026-08-07T03:32:11Z,3da5662a-17f6-436f-a0ca-d378d1a6dc2d,6.40
2026-08-07T06:13:50Z,0ee5f69b-7977-4081-8f86-094e83b4b1db,10.64
2026-08-07T08:02:41Z,a5f495bb-71ef-4d1c-a969-b3abc74198ee,9.61
2026-08-07T09:07:24Z,841b9b06-4eda-49d2-8935-58fabe05eb2c,11.92
2026-08-07T10:08:31Z,d249caf5-ee79-495e-9050-0270cecb7b12,8.96
2026-08-07T11:14:00Z,37110b74-2989-428b-ad1d-7cabdd9b2668,5.26
2026-08-07T11:53:45Z,ac298814-493f-4406-828f-c41175332469,11.72
2026-08-07T16:05:43Z,32950871-c2b4-4c5f-be8c-b61ed2fc5779,9.92
2026-08-07T17:43:35Z,e9f96a1c-cb0a-434c-8732-5b40d295c28e,11.01
2026-08-07T18:14:23Z,a6b1a6ed-43d4-4962-906a-d166e73e7c69,9.00
2026-08-07T18:55:36Z,6fa3afb8-1ac2-40ee-8bae-dbbdaff57f09,6.76
2026-08-08T02:25:27Z,f8cff8f4-ed90-421e-a7cd-d80b0b4b49a8,13.04
2026-08-08T04:12:50Z,80c24749-98f4-4929-8219-72adf5f470c0,7.09
2026-08-08T14:50:37Z,0aa886a1-6f6f-409b-a816-7e1c989fd897,9.75
2026-08-08T16:18:01Z,ab8c1032-797f-48ee-b41b-56b3c2b01f51,10.90
2026-08-08T16:51:32Z,e2b5d876-250f-4509-bf38-d5ebae30966d,5.75
2026-08-09T01:41:10Z,e1e1e9c7-a2c2-4c77-9dc4-a3ebadbdafe2,9.27
2026-08-09T06:03:38Z,09cc305b-bc2d-4dd9-8f9e-ec9dc3b6121c,5.57
2026-08-09T07:22:13Z,9ea551c6-040c-44b7-be2b-288b022fff72,6.44
2026-08-09T09:32:02Z,e3b33b75-aaef-4608-85a8-17abb44893ee,11.23
2026-08-09T10:18:20Z,9977d29c-80fc-4fda-84ae-c41215da6b37,9.99
2026-08-09T17:46:41Z,b7fec85f-7ce2-45c2-af68-4373ce3b0ef0,12.99
2026-08-09T18:35:49Z,fa70c559-47f6-4a8a-8d0c-6c9f724232e3,7.77
2026-08-09T19:23:19Z,688ca110-4f90-4a7b-a9c3-a3dae7c1f0e0,8.80
2026-08-09T19:41:45Z,b2a714ca-5288-4433-8601-80f0f7e5353f,10.44
2026-08-09T22:13:41Z,f8ab0131-82fe-406a-bd8e-7fc881291864,5.83
2026-08-10T09:17:32Z,70309994-ca06-4501-b7b9-ec25a2dd735d,9.65
2026-08-10T16:32:27Z,9f4009da-d04a-4ef8-ab49-378089b9d78f,12.16
2026-08-10T18:32:06Z,21e873e4-5c02-4c08-b1eb-7f9120d20aa8,9.98
2026-08-10T19:09:00Z,e32a3776-80ee-485b-90da-b4a324155a78,4.05
2026-08-10T23:40:37Z,9df6d650-3800-4939-9c6f-42cb61548cbf,6.61
2026-08-11T05:06:00Z,5bb19261-630f-48e4-8a50-956491f65c71,8.46
2026-08-11T05:55:14Z,d750de68-b44d-4f9e-9644-6e453b7d4d57,8.39
2026-08-11T11:24:48Z,d2745164-af44-4a2e-8f0b-fc4c54a4c90e,4.01
2026-08-11T11:45:26Z,6e6dc9e0-c670-42f9-948a-0460d57396b4,13.66
2026-08-11T21:08:50Z,c84ca1e3-3ba6-4060-82ab-712e9ea68a8d,4.74
2026-08-11T22:01:12Z,96bbd46a-e934-4db0-8911-77fad3449514,4.40
2026-08-12T01:03:30Z,7ab33898-3966-446b-a933-fbe5f981c47d,12.61
2026-08-12T02:24:34Z,dcc16ee7-ecce-464e-9a3f-a7546c6892bd,5.97
2026-08-12T02:43:47Z,70cda287-5957-4e6f-8eba-a7194dc0f639,13.67
2026-08-12T03:56:21Z,b11a1a78-079f-4a7d-8c0b-cff0c55d7087,8.96
2026-08-12T09:19:25Z,e37160ed-f10c-4eda-ba8a-54c24e6f23f5,9.53
2026-08-12T10:55:43Z,8463915e-7430-4b46-ae68-b04c39706f3c,4.13
2026-08-12T11:05:21Z,462f71c6-ba54-4061-94bf-c2f207bf3598,13.84
2026-08-12T12:02:08Z,3c88f995-1580-4638-b1e4-9c923321a9d6,13.46
2026-08-12T12:02:39Z,af1c5e43-59b2-4b2b-9b0b-3e1efe74208c,6.96
2026-08-12T12:29:05Z,3ff31cdd-671c-4277-bc2e-7ece58d987d4,6.01
2026-08-12T13:49:00Z,024c9ba4-3f0e-4835-a4f8-65aa0104543f,9.89
2026-08-12T19:20:47Z,ba5b40e1-10b8-4ca0-be0e-c3f79fe32bc9,12.57
2026-08-12T19:59:47Z,477a9d5b-7c89-4b49-9e69-455ba2129bf1,14.95
2026-08-12T22:20:29Z,20ecf26f-17a8-4f0e-9a8d-42b5f5e7e9de,13.26
2026-08-12T23:20:19Z,0368147f-e302-4b72-88c6-59b5ed966f27,8.78
2026-08-13T00:18:01Z,dac1dea0-d55a-457d-aae6-9c747d1e8f00,12.11
2026-08-13T06:19:36Z,0ca3421b-5cbf-40f4-b9fa-66abcefa0a06,8.53
2026-08-13T09:27:34Z,4b3614ee-31a0-4276-b977-966b8255856f,8.94
2026-08-13T11:55:00Z,62a8db44-5bd9-45bb-bdc3-27a6ec48d077,6.19
2026-08-13T13:22:57Z,4afd75c3-0260-470e-bf51-e8943140fa53,11.77
2026-08-13T14:40:10Z,b4d4acf3-7c99-4337-92ad-08f39c0c196e,6.94
2026-08-13T15:18:18Z,c3d228be-32f4-4728-8dd9-a9957a946704,10.95
2026-08-13T16:39:34Z,499b5f06-b349-498f-a078-43135a6d751d,8.95
2026-08-13T16:44:33Z,be035410-d184-4f7a-9631-f75cf0b7284c,10.80
2026-08-13T18:30:43Z,0e741e67-8815-4ec2-a946-694b74c86b2e,8.19
2026-08-13T20:13:04Z,1743646b-b587-4a9a-8cc1-85529ffdbd36,6.11
2026-08-13T20:41:15Z,c58f455a-837a-4519-a24d-85ac63e306a2,4.87
2026-08-13T23:37:33Z,d8f7882c-bce2-48ab-80bb-d1ef3946514c,9.55
2026-08-14T02:23:49Z,18abd457-1638-4d2e-9d0a-09f0d749ae7f,12.05
2026-08-14T04:07:17Z,fea68136-ac9c-4894-9c43-d28ba0bdedc0,6.77
2026-08-14T04:49:46Z,e1b1e8f1-89c7-4a5c-80ae-c82095b0ab8d,8.62
2026-08-14T04:57:23Z,2e6dcbaa-0089-490a-b71b-f801f85bff72,11.14
2026-08-14T06:24:30Z,7d442eba-c1a3-4370-9a72-884317d1d926,10.94
2026-08-14T10:11:31Z,ac64bcf1-c6b5-4cea-b92d-a9a5e930127f,8.53
2026-08-14T13:06:23Z,bc2675fc-9864-40ee-801f-4dd1c767770f,9.85
2026-08-14T13:17:29Z,57d58304-b4a2-4b91-8ff8-cf918af51a61,8.00
2026-08-14T13:53:03Z,333e6965-2664-43f6-bee3-31a2e652b3f1,11.09
2026-08-14T18:44:49Z,1110266e-b259-4044-b143-e095d12897f7,12.54
2026-08-14T22:40:50Z,f329a1d2-3d6f-424f-a8c2-87889a7b05cc,11.57
2026-08-14T23:44:49Z,d9a86f60-eca4-45bf-aabd-56a56fc419c2,14.24
2026-08-15T00:28:31Z,fd826ecc-4976-461f-8b04-adf9e96817e4,14.32
2026-08-15T11:56:20Z,bb7cc036-88f0-4321-8d3c-cb3ce2ec4f23,9.82
2026-08-15T12:47:51Z,336fda9a-d749-4e85-a8e5-e24c4dd9601d,13.08
2026-08-15T14:56:42Z,3d0fbb92-7000-4007-a42f-b19c88aeb876,14.74
2026-08-15T15:35:20Z,f09c8cb6-017c-4c32-8c72-e0ee7e2c051f,5.22
2026-08-15T16:05:59Z,a6d8fde1-17dd-412f-92c1-f9036b85211f,10.78
2026-08-15T17:22:06Z,92e104a4-382a-4386-ac62-80d519362cbb,5.34
2026-08-15T17:46:24Z,476ff29a-b9a8-4ed3-b6ad-1601e56e5547,5.49
2026-08-15T23:40:41Z,7aeb1a21-e598-4da7-a65c-885694b4071f,4.14
2026-08-16T00:08:43Z,979683b4-2152-49c4-85e1-c76d91172dee,10.65
2026-08-16T02:05:19Z,198aac62-c759-4407-b25b-4ffee30a63e5,12.42
2026-08-16T06:05:06Z,f09f066d-c1e8-4347-a9b2-8f02692a1f41,10.40
2026-08-16T06:47:25Z,2154674e-075e-4d02-89f2-f804ccc7927a,13.67
2026-08-16T07:12:34Z,7474a7e2-e13b-44aa-aeba-9ea30649b2c5,9.86
2026-08-16T07:29:16Z,9537a8aa-40c7-486c-8688-28313bb7a15a,14.40
2026-08-16T07:48:34Z,ebf4d65b-d352-479c-bc9f-65cacff27017,6.65
2026-08-16T16:54:14Z,34beef0d-ae31-4ce4-83d3-0dec17795c32,10.28
2026-08-16T16:57:50Z,c264dab7-3766-4e26-bdc7-fb6216974812,12.46
2026-08-16T19:03:28Z,f819018a-bfcb-47a5-889e-6c532f9a3bf4,4.94
2026-08-16T19:37:54Z,aaa8e570-164d-4d02-9d4e-1a946498b400,6.45
2026-08-16T22:52:49Z,f36bf5e0-46de-4268-9098-5157e801462f,10.63
2026-08-17T00:44:48Z,473bbdcb-6bbb-4c58-96a9-4b8fb08b634e,4.94
2026-08-17T04:40:17Z,35a5ab1c-e124-4085-b22f-57d0ff36f0a0,12.03
2026-08-17T08:16:05Z,a0db734f-6982-417e-87e8-fd6342c1584f,10.72
2026-08-17T09:51:39Z,8fa76d58-b2ae-4821-8fd7-2568a44fa1b7,6.27
2026-08-17T13:57:31Z,d37d4752-4289-40dd-b71b-c42c6a37cc07,4.87
2026-08-17T17:08:36Z,52a44f1d-512c-4fbf-af4f-6745d249791c,4.86
2026-08-17T22:45:02Z,c100f358-4199-49e0-91e1-dd02e4964bd8,9.57
2026-08-17T23:06:11Z,87985aad-5c74-4fcf-a635-5a0dca907459,13.04
2026-08-18T01:41:21Z,5c21962f-dec1-4bb7-9750-37204fd23c1a,13.81
2026-08-18T06:17:09Z,971b2ec0-bc5c-4178-af63-e1d8da093d6d,8.96
2026-08-18T11:36:38Z,d6757efa-efbf-4c35-8c0d-38d3af9b3f56,4.74
2026-08-18T15:38:47Z,a3c7ee2c-513e-4a37-9816-118184c27c0c,6.54
2026-08-18T15:57:44Z,d439787d-b9ca-45a5-b515-7809cfcf889b,10.65
2026-08-18T16:01:12Z,a05d1b7f-4cdf-45dd-a8a2-a93f5e654ec0,4.60
2026-08-18T16:16:15Z,df580581-8181-4629-a5eb-3ae80bc9d832,6.24
2026-08-18T16:34:37Z,b0045dec-450f-4fbb-934c-a254b52bdbb7,9.76
2026-08-18T18:16:56Z,657e1e70-43b1-469d-bbd8-01cb594febc9,8.26
2026-08-18T18:18:24Z,f346caed-9132-4908-a37d-3829b479e80a,11.25
2026-08-18T19:34:54Z,3d5ce050-cd2c-4fbc-9f83-a0e8a1d5ce57,10.70
2026-08-18T22:14:35Z,663dc655-a336-4095-b20f-2b4eb7dd36bb,9.80
2026-08-18T22:39:07Z,647bc8fc-d61e-4e29-80cb-598113f241ca,10.04
2026-08-19T04:37:11Z,e0f55679-172f-4dbc-b0e5-80cd16bd50db,9.78
2026-08-19T05:58:23Z,113e529f-79f6-45cd-9cea-c558741a89ba,9.31
2026-08-19T12:56:48Z,a99e2307-0cb0-48a5-97dd-c7b0b9951c0c,7.57
2026-08-19T13:53:15Z,c84f2f86-5ef2-4f54-83f6-76613004a98f,10.64
2026-08-19T14:32:15Z,f4e285b8-f8a9-415c-99e6-4e9dc9709e17,10.53
2026-08-19T14:51:08Z,b1bb9ee4-5959-4f00-a20c-5f5749a6a3bb,10.03
2026-08-19T17:43:08Z,832f5655-51f6-44c3-90ba-2122ed039ab1,4.08
2026-08-20T02:39:50Z,222cd9a8-18c0-4925-841b-c0fb7dd4bb9d,12.45
2026-08-20T04:08:43Z,22a2fe3c-fad4-4b37-be55-c96a3e62d72f,11.75
2026-08-20T05:09:12Z,96d04e28-f6b6-4dbd-bd4a-8bd2e8849771,10.77
2026-08-20T05:28:00Z,99c2febb-ce21-42bf-8855-47ab3d3621f5,14.56
2026-08-20T06:08:36Z,3c8336ac-fcc6-4dda-9ef8-08b2a6d64feb,7.00
2026-08-20T09:08:47Z,fe28f75c-6990-412c-9ffe-88ae4246f392,10.58
2026-08-20T10:40:06Z,a089debb-61b1-4728-8939-736944f96f48,11.70
2026-08-20T10:58:21Z,fcb8c26f-9d2b-493c-9786-50cc34583f7c,6.29
2026-08-20T15:14:51Z,2e6b4e3f-e8c9-4532-aaf5-eaced56b1a19,5.83
2026-08-20T17:06:08Z,f6be2f40-1b02-4b54-ba89-10168ea5606c,11.71
2026-08-20T18:07:25Z,fc5e913d-6eed-4c12-b282-fbd31cdcf25a,13.03
2026-08-20T22:12:45Z,8358c491-eda1-4491-8bb7-77a77d2eb9a6,5.43
2026-08-20T22:45:53Z,4ae3cef7-35f2-4ec7-bd3e-b9b47b30b94e,12.94
2026-08-20T23:34:55Z,6a3cfdbe-7806-438d-a4aa-ee6040e88d01,10.00
2026-08-21T01:20:21Z,2ffe4f64-3eda-4e6d-bcc1-d37d4cb834d1,6.26
2026-08-21T01:29:30Z,3f96a298-2be5-414b-99a6-438a694b0c4b,14.97
2026-08-21T10:20:03Z,7747053e-3d83-4c99-9b1c-188b833502b4,13.37
2026-08-21T13:39:04Z,6d0ceb25-ab55-4996-b6c8-a5a63c5e27f2,5.90
2026-08-21T18:43:38Z,ad872b2e-2365-414b-8956-80937015a398,4.00
2026-08-21T21:55:34Z,ed8c58ad-29ac-4103-a07a-7eb20457cf16,6.76
2026-08-21T22:07:22Z,f80881ec-984c-4604-9144-1f7579499221,5.01
2026-08-22T07:37:53Z,c2dce820-b992-4354-9991-17f7b794be49,5.55
2026-08-22T08:14:28Z,7cdde37b-04e6-4aa6-9964-9e4cb3e7190a,10.41
2026-08-22T08:35:24Z,11dbda65-901b-4427-b62b-6a946084b870,13.26
2026-08-22T10:17:46Z,5f4e3c88-68b9-4c6b-afeb-ce5d9cd784af,4.37
2026-08-22T10:35:45Z,6e278afe-0577-4c6a-b280-4d58e2f19181,9.76
2026-08-22T10:53:15Z,125146b0-905b-449c-8348-2d0ad6bccf83,9.78
2026-08-22T11:11:16Z,c7f5fb51-bf00-4c54-8d8d-b63f0d2d238e,12.21
2026-08-22T12:50:08Z,5dc55886-4863-4276-938c-f9c33773fdfa,8.80
2026-08-22T14:06:44Z,e867e53d-e1f3-4ca8-85a7-25c5f481cd4a,9.36
2026-08-22T14:50:57Z,61596dc1-1257-44cc-921f-8408ac5be164,8.14
2026-08-22T19:35:15Z,b97e4026-227d-47a2-be69-6d3af3eb383e,8.99
2026-08-22T19:38:11Z,ca8579c4-8348-4ac9-96b4-3c2c1accf0bc,12.79
2026-08-23T02:09:43Z,823ce94a-5207-418a-ae37-d738cc9966a9,12.43
2026-08-23T03:15:21Z,5cb98eb4-fac2-4c33-9466-85114da76552,12.88
2026-08-23T05:31:25Z,ae80c7fd-15cb-4ac7-9bb2-466ceb67691e,14.29
2026-08-23T08:50:59Z,1fe89604-f54c-4ff2-ab04-5c2d75e21ba0,14.96
2026-08-23T10:44:33Z,c412eb6a-8fef-4962-8fcc-33c38de503bc,9.46
2026-08-23T10:47:51Z,98c8d64f-8c03-4bcc-abf8-1dd200bf9e66,10.34
2026-08-23T11:18:51Z,4d8ece4f-cba0-4f4b-a2d2-f454f8e86266,14.30
2026-08-23T11:23:46Z,2be03fdc-edd6-4bb7-bc73-17f852279200,7.34
2026-08-23T18:39:37Z,2c3f7b99-3c22-4e62-b071-408a196bc208,12.93
2026-08-23T21:03:16Z,5a9deba8-03fa-4606-8b45-1a913ffe4506,11.10
2026-08-23T22:51:11Z,2fd9570b-0767-4a8b-b110-aa366b49ffc0,12.71
2026-08-24T04:00:31Z,49f06a83-93ae-44df-8df0-28b863594fd4,5.50
2026-08-24T04:20:10Z,ad8f0b7d-a67a-490b-8697-8f96b27e4824,9.74
2026-08-24T12:05:22Z,8e17508f-928a-4c42-9ead-5ef9e898c3c1,9.07
2026-08-24T12:40:57Z,cc18d871-9dce-45cd-b0ab-aa688aacd9ae,6.43
2026-08-24T13:14:31Z,2f867c7f-f1b6-4112-9d2f-83016161f23a,5.67
2026-08-24T14:16:24Z,255ef12f-1b45-48d7-8332-a454c1402d22,5.07
2026-08-24T20:22:18Z,9b387f39-41fb-44e6-a92e-7c5e46aff27b,13.88
2026-08-24T22:48:29Z,0ef638a7-a92c-4ae3-b442-e38ded9e80fa,11.71
2026-08-25T02:20:11Z,5e36c1cd-3601-4f89-b8b9-a10c4adb5f97,4.39
2026-08-25T03:19:40Z,7ad82b24-681a-41ac-b9c8-6ba87f227174,13.37
2026-08-25T04:47:36Z,74f5ed8c-afb6-4d29-b55a-5297d94bc3da,9.55
2026-08-25T05:19:13Z,81da653b-b94f-4572-b42c-ba8d6e6f2c7f,10.72
2026-08-25T06:20:02Z,8001e3fb-197f-43a3-bcae-760a7f11ef01,10.79
2026-08-25T09:43:15Z,cf0d4d50-e532-4098-9bcf-9218b410fffd,6.03
2026-08-25T13:33:11Z,e920c230-5b82-4cc7-a971-37338d2097dc,12.37
2026-08-25T14:34:30Z,e31644a4-11ef-4607-a8bb-27344d2358b5,14.20
2026-08-25T18:55:41Z,0b9be091-9f17-4ecd-9662-b8202f868092,9.33
2026-08-25T20:33:19Z,ca3c1810-1805-41be-b0bb-c0532b590c06,7.52
2026-08-25T22:04:08Z,e7a6dcef-c56d-4e76-acbf-75fddd7ea4c0,9.94
2026-08-26T00:25:11Z,1af5471a-cd6c-4ef9-bd5f-b3ed5303a52a,4.45
2026-08-26T05:48:54Z,8096a918-9864-45ed-b2c2-25f391c8a58f,5.77
2026-08-26T07:06:43Z,8afb6173-7b13-449f-b857-5a0161cb100d,11.46
2026-08-26T08:22:06Z,2b62636d-abac-435e-a0dd-b3f505c1aca2,8.61
2026-08-26T09:03:14Z,700bf7d5-1689-45d5-84bd-706c49bf1443,5.94
2026-08-26T12:59:25Z,0e24f249-c324-4195-878f-63285dd8fe7e,14.45
2026-08-26T15:49:10Z,9d3453e0-46c1-4c27-860c-56838f9b4888,9.96
2026-08-26T17:35:34Z,9277a628-8e37-428c-8729-fe47dcebd421,7.88
2026-08-26T23:13:07Z,2697cef9-8a98-4b1d-8a30-3bac7991693a,11.05
2026-08-27T02:13:23Z,0157f052-818f-4963-b189-e0834f0bbdd3,6.25
2026-08-27T04:13:43Z,6f767826-d681-4caf-902f-4a0ee2885a6a,13.77
2026-08-27T07:14:29Z,ac0bae69-1a00-4d46-bf77-0a197fe25b4c,10.33
2026-08-27T09:05:21Z,163de51a-795f-4af8-b6c8-d072c5349428,11.59
2026-08-27T12:04:50Z,e1eb4df9-c087-4eef-b41c-1ced5ed297a9,9.38
2026-08-27T13:55:54Z,c59bdccc-5be0-4f3c-b1a4-59c570c855a0,9.41
2026-08-27T14:09:19Z,a9eb0e79-6303-40c3-a71f-09840bf0fd4c,8.10
2026-08-27T14:37:28Z,8cc1475f-6baa-4541-a636-110912786726,7.72
2026-08-27T16:44:34Z,4feedd2c-6769-4829-bbba-37b17899336d,4.44
2026-08-27T20:34:57Z,caf53879-79ef-488c-a9a3-cacccd3af56c,8.67
2026-08-27T22:12:46Z,a5acc2dd-eef1-4326-9c0c-894f3c6d9acd,4.73
2026-08-28T00:07:36Z,11640db5-8862-4062-8b8b-4ef7a884486f,4.64
2026-08-28T00:23:24Z,a3409039-08fc-49b6-b62e-3728589518df,9.08
2026-08-28T00:35:18Z,91fed2ba-7e03-44b4-9210-2baa8abc9144,12.20
2026-08-28T00:51:22Z,f31c1faf-b5e9-4b06-95cf-b1c3e4fdc9fb,8.53
2026-08-28T02:38:34Z,60f5796d-a126-42ab-a969-149e05a8160d,7.99
2026-08-28T08:03:27Z,1d6f7bd3-3d79-4997-b8c6-3dc981ea74d9,6.78
2026-08-28T12:19:58Z,204ed4e1-c2bd-4345-954e-9ace5adae709,4.46
2026-08-28T14:09:22Z,61503c39-7c40-4dbf-bfe2-a3451a700880,8.87
2026-08-28T15:44:35Z,cab5f623-40e2-4b24-ab43-3da560bb4107,7.20
2026-08-28T17:44:40Z,ae464a14-e9f1-49e7-a777-ad88a5487df9,7.48
2026-08-29T04:26:50Z,7519d447-b13e-4212-b3f7-05a253ebe280,9.40
2026-08-29T04:41:08Z,e335f177-7e61-4b17-82e9-3292c3e7dc63,14.69
2026-08-29T05:32:51Z,97921c58-b1d4-46bd-8e77-f9027080c579,5.50
2026-08-29T06:23:37Z,571f4713-bb19-432c-9c1e-32205a6aa294,5.37
2026-08-29T06:50:09Z,f559e0d4-ef41-4622-aabd-a0a97022afb6,6.11
2026-08-29T07:28:56Z,c64af39a-a864-4f84-bff2-6265d629bb3a,4.85
2026-08-29T08:30:42Z,84fdf158-e965-4e5f-89fb-640edbabd5a2,11.38
2026-08-29T09:01:32Z,1bc9b5eb-4016-4cb2-866c-051374721867,8.25
2026-08-29T10:45:51Z,47001743-a027-496d-8136-e6438b062b42,13.86
2026-08-29T14:43:26Z,e43d4161-a0a1-4147-b463-f40fe63d66f2,5.87
2026-08-29T17:31:20Z,2a5248ec-fda0-4993-9f21-04b9df774e97,9.72
2026-08-29T18:43:25Z,9de2834a-7416-40d8-886b-0cdbe94fcd2d,10.40
2026-08-29T20:45:26Z,9d6d1606-8cc7-4a35-9e03-a4c59696dafc,12.39
2026-08-30T02:52:48Z,aabe25ca-837b-4f02-8005-f5b13dcdde9f,5.38
2026-08-30T03:52:36Z,4094b493-1f0a-47dc-9834-df23a84b6730,12.93
2026-08-30T07:54:01Z,fb2385fd-9c6d-490b-ad1e-9abc1c0ea4c0,13.38
2026-08-30T09:47:13Z,36198f47-885a-43b9-b880-4b7a79f2482e,5.65
2026-08-30T11:10:24Z,d71fc5d0-aa46-4bc7-a2c2-d9d61bd9abab,6.90
2026-08-30T15:04:06Z,25a7e7e4-978e-46dd-b88b-1ab154ff6f69,10.48
2026-08-30T15:46:10Z,222a5a34-78fb-43fa-a395-266e4986cfbd,12.85
2026-08-30T16:15:23Z,a3006dec-e781-421b-b5de-1cfdd4df848d,14.63
2026-08-30T17:40:02Z,0750ad3d-c2e5-4eb1-82eb-1ac9a9b29203,8.16
2026-08-30T20:00:02Z,03b2303d-110f-4641-b416-99312d1f572f,8.74
2026-08-31T00:24:29Z,377d70f8-f5a3-4aa5-8c8c-f9438e18f6e9,7.78
2026-08-31T04:48:39Z,3bf8706d-ed45-415e-9a5c-960cdc58b701,5.07
2026-08-31T05:14:05Z,6f75ff10-c8bf-4676-9200-87eb39b55ea0,11.30
2026-08-31T05:59:20Z,98f526fd-3416-4dac-9c77-d24e5d1b035e,10.91
2026-08-31T10:31:19Z,cf5ded29-c686-4911-a688-0ad29cdbe724,5.55
2026-08-31T12:49:17Z,5152b1a4-dfaf-40df-9205-fe0e4d4feadc,13.46
2026-08-31T21:39:25Z,9c068473-5bf4-45e5-906a-e110f14ed716,11.27
2026-09-01T00:23:27Z,5e5e0f27-f66a-4048-b0f1-3a189c7249d8,12.02
2026-09-01T00:54:50Z,a82d0fa6-8177-439d-b011-659b2d64cb69,13.98
2026-09-01T02:51:47Z,919eb2bf-896f-4b85-9059-1f4746ae887a,14.29
2026-09-01T02:56:53Z,b9add489-ce96-4ea6-bdf8-0da94496cd5c,8.87
2026-09-01T03:26:55Z,2623637e-5811-41f4-ab56-7da3f9af6432,8.15
2026-09-01T08:26:01Z,5365ad28-a9aa-4034-8ff7-986204f51781,6.88
2026-09-01T09:19:58Z,a00d6045-c842-4fbe-bffc-0949090a1ae4,13.67
2026-09-01T13:44:35Z,eb1c65c2-10cc-4e30-a608-601c95b3a772,14.33
2026-09-01T14:28:27Z,f4fa35e1-8442-4929-acca-26bef215dfb9,14.71
2026-09-01T19:52:50Z,4c90316d-cf78-4c81-a667-648403ea8f1a,14.19
2026-09-02T02:34:25Z,5ea4c0b8-209d-48af-bc7a-e01fdbf57437,5.30
2026-09-02T07:10:37Z,294e9f0a-1b4d-404e-92c9-a3888567b6e4,4.99
2026-09-02T08:02:05Z,7cf893e7-5b56-4eb9-9a4b-0d58f9e24077,12.72
2026-09-02T08:27:47Z,14d8c23b-be99-4d3b-a23c-dce684eeec76,8.08
2026-09-02T21:56:12Z,fa3de980-c80b-4bc7-8d6b-a5b6f2e13563,6.08
2026-09-03T01:24:43Z,2828ca38-8e14-4321-a789-3df0b4a89a6d,10.57
