order_date,order_id,item,quantity,item_price
2026-07-01T02:05:46Z,7041cdca-183a-477a-bc74-f137c13ab61d,Hat,4,16.28
2026-07-01T02:05:46Z,7041cdca-183a-477a-bc74-f137c13ab61d,Pants,2,58.67
2026-07-01T03:01:47Z,17e61139-e7db-45e2-a1b4-dfd0da337fb8,Hat,1,16.40
2026-07-01T03:01:47Z,17e61139-e7db-45e2-a1b4-dfd0da337fb8,Pants,1,51.92
2026-07-01T06:14:32Z,0a384543-a0a4-4a99-9f7a-298c8c5c333b,Hat,3,17.20
2026-07-01T06:14:32Z,0a384543-a0a4-4a99-9f7a-298c8c5c333b,Pants,1,55.24
2026-07-01T06:14:32Z,0a384543-a0a4-4a99-9f7a-298c8c5c333b,Shirt,2,31.38
2026-07-01T06:48:21Z,d63dcb3c-bc6e-4f80-9116-fbcd8158cc44,Hat,3,18.80
2026-07-01T06:59:34Z,64e7136c-f06f-4c87-b3dc-91eefb47a1c9,Pants,3,44.97
2026-07-01T06:59:34Z,64e7136c-f06f-4c87-b3dc-91eefb47a1c9,Hat,4,19.38
2026-07-01T06:59:34Z,64e7136c-f06f-4c87-b3dc-91eefb47a1c9,Shirt,2,21.82
2026-07-01T07:10:29Z,d4c7c24f-5ad4-42ec-95bd-12257395d5c2,Shirt,1,30.27
2026-07-01T07:10:29Z,d4c7c24f-5ad4-42ec-95bd-12257395d5c2,Hat,1,17.29
2026-07-01T08:29:40Z,3e39099f-5f29-4359-8431-843e95ceb046,Hat,3,18.55
2026-07-01T08:29:40Z,3e39099f-5f29-4359-8431-843e95ceb046,Shirt,1,30.53
2026-07-01T10:31:01Z,397385a2-cae1-4a38-a1b8-d0980eb1fbd6,Shirt,3,33.18
2026-07-01T13:38:04Z,f65f98f8-fcb6-4522-9633-38388acfc3fb,Shirt,1,27.94
2026-07-01T13:38:04Z,f65f98f8-fcb6-4522-9633-38388acfc3fb,Pants,1,52.01
2026-07-01T18:12:45Z,e6d79fe6-2d89-4014-8402-f9866311899c,Hat,3,21.61
2026-07-01T18:56:45Z,c5604b39-4de7-4698-9edd-16dcf64dfb00,Hat,4,18.96
2026-07-01T18:56:45Z,c5604b39-4de7-4698-9edd-16dcf64dfb00,Shirt,2,22.14
2026-07-01T20:21:07Z,57cfb9e4-0b64-49ba-a2d9-7250ee524a17,Shirt,3,26.81
2026-07-01T20:21:07Z,57cfb9e4-0b64-49ba-a2d9-7250ee524a17,Hat,2,24.72
2026-07-01T20:32:38Z,70a38ea2-2d5b-48d4-b1df-13628a4d6777,Hat,2,18.74
2026-07-01T23:29:34Z,b8a7e7a9-10c5-49e3-ba2c-5c131b994ce3,Shirt,3,21.18
2026-07-01T23:37:27Z,8c84c41d-309c-4564-8597-dea31dc67eec,Shirt,2,34.96
2026-07-01T23:37:27Z,8c84c41d-309c-4564-8597-dea31dc67eec,Pants,1,47.74
2026-07-01T23:37:27Z,8c84c41d-309c-4564-8597-dea31dc67eec,Hat,1,22.56
2026-07-02T01:47:20Z,229e94b7-0e2c-411d-89df-5f33a64d6377,Hat,2,20.84
2026-07-02T02:38:04Z,4094f4de-9d4b-413f-8a32-e3f2122b0ded,Hat,2,24.42
2026-07-02T02:38:04Z,4094f4de-9d4b-413f-8a32-e3f2122b0ded,Shirt,1,28.68
2026-07-02T02:38:04Z,4094f4de-9d4b-413f-8a32-e3f2122b0ded,Pants,4,50.48
2026-07-02T02:59:48Z,4a21980a-50da-4e6c-bdec-5bfeb9c487cb,Hat,4,19.06
2026-07-02T08:29:15Z,6985c6a7-90d0-4d6c-82f1-b509614d0093,Shirt,1,32.12
2026-07-02T12:00:24Z,0913e852-991c-4acf-9656-b4fc8454d628,Shirt,4,26.35
2026-07-02T12:00:24Z,0913e852-991c-4acf-9656-b4fc8454d628,Pants,3,38.87
2026-07-02T13:26:29Z,d7226c89-1c3d-425c-96be-ac2d64e3e10f,Hat,3,19.03
2026-07-02T13:26:29Z,d7226c89-1c3d-425c-96be-ac2d64e3e10f,Pants,1,55.01
2026-07-02T13:26:29Z,d7226c89-1c3d-425c-96be-ac2d64e3e10f,Shirt,2,23.73
2026-07-02T16:15:17Z,b8cfa0fc-aa04-49e8-b129-a9d6080474ef,Shirt,4,30.85
2026-07-02T16:15:17Z,b8cfa0fc-aa04-49e8-b129-a9d6080474ef,Hat,4,17.43
2026-07-02T16:15:17Z,b8cfa0fc-aa04-49e8-b129-a9d6080474ef,Pants,2,55.19
2026-07-02T18:14:00Z,f72950d8-9472-440f-8b56-f452be51d65d,Pants,2,50.78
2026-07-03T01:00:21Z,09177923-1a68-409d-964c-1b97e45c8f0d,Pants,2,59.49
2026-07-03T03:04:34Z,ad4b9025-84aa-4731-bdd9-bae73edda971,Pants,3,41.63
2026-07-03T04:02:19Z,2ebc4cc6-fe62-43ae-bac8-49da3ad8d41d,Hat,2,17.10
2026-07-03T04:02:19Z,2ebc4cc6-fe62-43ae-bac8-49da3ad8d41d,Shirt,3,30.00
2026-07-03T06:42:45Z,92fb33ea-3100-4176-9ede-25c4a6598395,Hat,3,18.96
2026-07-03T06:42:45Z,92fb33ea-3100-4176-9ede-25c4a6598395,Shirt,1,26.86
2026-07-03T07:17:10Z,d4b68c41-3fca-4063-8517-ca3aace4ad67,Hat,2,23.59
2026-07-03T07:17:10Z,d4b68c41-3fca-4063-8517-ca3aace4ad67,Shirt,4,22.99
2026-07-03T07:17:10Z,d4b68c41-3fca-4063-8517-ca3aace4ad67,Pants,2,43.74
2026-07-03T07:55:10Z,76db4228-08ae-4c63-979a-f39b02bd0c91,Shirt,3,20.37
2026-07-03T14:53:34Z,ff92adb0-f0d0-415b-9dba-9ec0fa2a0315,Shirt,1,33.98
2026-07-03T14:53:34Z,ff92adb0-f0d0-415b-9dba-9ec0fa2a0315,Hat,2,24.39
2026-07-03T14:53:34Z,ff92adb0-f0d0-415b-9dba-9ec0fa2a0315,Pants,1,41.61
2026-07-03T17:00:07Z,e4ad9607-9d0e-4d65-81d6-9adcfb99a8db,Pants,1,57.60
2026-07-03T19:13:45Z,5ec47f2d-5bb0-4c8c-bc2c-edba27391ae9,Hat,3,20.05
2026-07-03T19:13:45Z,5ec47f2d-5bb0-4c8c-bc2c-edba27391ae9,Shirt,1,33.58
2026-07-04T02:52:48Z,e88d258e-9e04-4bd8-bb04-8a839b6a77f9,Pants,2,42.76
2026-07-04T07:09:41Z,044b1815-ddf7-43f6-a19c-0726b55aa36d,Hat,4,17.19
2026-07-04T07:09:41Z,044b1815-ddf7-43f6-a19c-0726b55aa36d,Pants,2,36.26
2026-07-04T07:09:41Z,044b1815-ddf7-43f6-a19c-0726b55aa36d,Shirt,1,33.76
2026-07-04T08:02:06Z,de66e729-4f15-46cf-945b-32dd3a84cd6f,Shirt,1,26.55
2026-07-04T08:02:06Z,de66e729-4f15-46cf-945b-32dd3a84cd6f,Pants,2,44.63
2026-07-04T08:02:06Z,de66e729-4f15-46cf-945b-32dd3a84cd6f,Hat,4,17.55
2026-07-04T08:55:04Z,513c5dd1-64dc-452b-8ecc-1b6a0e342b73,Shirt,3,30.19
2026-07-04T08:55:04Z,513c5dd1-64dc-452b-8ecc-1b6a0e342b73,Pants,1,58.48
2026-07-04T09:13:27Z,e8d21e58-2231-45f4-aaac-fbec3510bd93,Pants,2,46.04
2026-07-04T09:13:27Z,e8d21e58-2231-45f4-aaac-fbec3510bd93,Shirt,2,27.67
2026-07-04T09:13:27Z,e8d21e58-2231-45f4-aaac-fbec3510bd93,Hat,3,21.59
2026-07-04T12:44:18Z,fed1c610-6a11-4c73-bff3-21e32f906154,Hat,4,21.65
2026-07-04T12:44:18Z,fed1c610-6a11-4c73-bff3-21e32f906154,Pants,2,51.93
2026-07-04T12:44:18Z,fed1c610-6a11-4c73-bff3-21e32f906154,Shirt,3,29.23
2026-07-04T15:39:54Z,8cc441d7-87ee-4a68-b739-02d9fdee6465,Shirt,2,26.22
2026-07-04T16:35:38Z,43252ba7-f9ca-4e91-921b-5c231d423e4c,Shirt,4,32.46
2026-07-04T16:35:38Z,43252ba7-f9ca-4e91-921b-5c231d423e4c,Pants,4,57.43
2026-07-04T20:17:49Z,086fb43e-6e72-4779-9f83-d22d97ed7791,Shirt,3,26.60
2026-07-04T20:17:49Z,086fb43e-6e72-4779-9f83-d22d97ed7791,Hat,3,17.34
2026-07-04T20:17:49Z,086fb43e-6e72-4779-9f83-d22d97ed7791,Pants,1,42.99
2026-07-04T21:46:47Z,1c3a7ba2-4c44-40c5-b515-233700e62d42,Pants,3,45.78
2026-07-04T21:46:47Z,1c3a7ba2-4c44-40c5-b515-233700e62d42,Hat,1,21.23
2026-07-04T21:46:47Z,1c3a7ba2-4c44-40c5-b515-233700e62d42,Shirt,3,30.80
2026-07-05T04:39:34Z,afc2e8b3-c0cb-4aee-a82c-00cba3ac06af,Shirt,1,28.88
2026-07-05T14:11:03Z,8e899680-9295-42cb-87bc-0bed7b746c36,Shirt,3,23.17
2026-07-05T14:11:03Z,8e899680-9295-42cb-87bc-0bed7b746c36,Pants,4,43.44
2026-07-05T15:01:47Z,379e981c-9031-4988-bbdc-6b80daabeef0,Hat,1,21.50
2026-07-05T15:01:47Z,379e981c-9031-4988-bbdc-6b80daabeef0,Shirt,2,31.31
2026-07-05T15:01:47Z,379e981c-9031-4988-bbdc-6b80daabeef0,Pants,1,39.98
2026-07-05T18:24:30Z,8707ec2c-98c5-4e7d-ba09-4f6db0eccbc0,Shirt,4,24.48
2026-07-05T19:57:14Z,a2076708-90b8-4d07-b2cb-5134887b984b,Hat,1,19.36
2026-07-05T19:57:14Z,a2076708-90b8-4d07-b2cb-5134887b984b,Shirt,4,25.83
2026-07-05T21:07:36Z,ccd6b28d-bb2e-478e-a3b0-1d13b558ae11,Shirt,3,30.49
2026-07-05T22:13:04Z,cea69714-388b-49d1-9600-88543d02ee68,Shirt,4,28.14
2026-07-05T22:13:04Z,cea69714-388b-49d1-9600-88543d02ee68,Pants,4,36.56
2026-07-06T05:19:06Z,a0896a71-7c71-4f65-9039-c9e9ece7d699,Hat,2,18.97
2026-07-06T05:19:06Z,a0896a71-7c71-4f65-9039-c9e9ece7d699,Shirt,2,21.14
2026-07-06T05:19:06Z,a0896a71-7c71-4f65-9039-c9e9ece7d699,Pants,3,37.55
2026-07-06T08:20:54Z,67c19c65-370b-4676-9bdc-bb53da9c8669,Hat,4,17.79
2026-07-06T12:21:01Z,165caebf-f7d0-4508-8e26-0363701aebfc,Shirt,3,27.31
2026-07-06T12:21:01Z,165caebf-f7d0-4508-8e26-0363701aebfc,Hat,3,22.98
2026-07-06T13:23:40Z,792bf886-8f69-4cd0-bed2-e9ef83bd32eb,Pants,3,45.89
2026-07-06T13:23:40Z,792bf886-8f69-4cd0-bed2-e9ef83bd32eb,Hat,4,21.16
2026-07-06T17:00:33Z,8d27b1d9-8846-4324-b3bd-c1d836861028,Hat,4,17.41
2026-07-06T18:50:02Z,439720c5-754d-4ecc-b309-7e5f5bad4e6e,Pants,1,51.54
2026-07-06T18:50:02Z,439720c5-754d-4ecc-b309-7e5f5bad4e6e,Shirt,3,27.59
2026-07-07T04:04:03Z,17e858c9-24a6-4a08-a6eb-48c91561e6db,Shirt,3,28.93
2026-07-07T05:19:00Z,5b1f76ad-3090-41b2-927b-dfcb8b769fea,Pants,1,36.14
2026-07-07T05:19:00Z,5b1f76ad-3090-41b2-927b-dfcb8b769fea,Hat,2,20.53
2026-07-07T05:19:00Z,5b1f76ad-3090-41b2-927b-dfcb8b769fea,Shirt,4,29.57
2026-07-07T06:40:13Z,5e3dcf88-8d4d-4f84-b27c-8aa46df24a56,Pants,2,38.93
2026-07-07T06:40:13Z,5e3dcf88-8d4d-4f84-b27c-8aa46df24a56,Hat,2,20.52
2026-07-07T13:38:38Z,bd8fee9e-8c30-42c9-a55b-343748fb9219,Hat,3,24.09
2026-07-07T13:38:38Z,bd8fee9e-8c30-42c9-a55b-343748fb9219,Shirt,4,32.90
2026-07-07T13:38:38Z,bd8fee9e-8c30-42c9-a55b-343748fb9219,Pants,1,42.63
2026-07-07T15:18:02Z,c046bc61-5aee-4083-a62b-122420588e30,Shirt,4,30.60
2026-07-07T15:28:21Z,1c67750b-3e1b-4f97-a5a2-e69dcdff1cad,Hat,4,17.52
2026-07-07T16:22:27Z,e6a392b4-8d53-480f-b222-9f52d267ab19,Pants,3,52.57
2026-07-07T16:22:27Z,e6a392b4-8d53-480f-b222-9f52d267ab19,Shirt,2,24.60
2026-07-07T16:22:27Z,e6a392b4-8d53-480f-b222-9f52d267ab19,Hat,2,16.21
2026-07-07T18:40:43Z,b1e791eb-0fab-42be-996c-ea45fbe51b5a,Hat,3,16.49
2026-07-07T20:37:42Z,e628ad72-78e7-4b7c-b93a-1ae4c615f36d,Shirt,2,21.72
2026-07-07T20:45:31Z,843dc25f-a72e-4c34-ae73-da079b2017a7,Hat,4,17.94
2026-07-07T20:45:31Z,843dc25f-a72e-4c34-ae73-da079b2017a7,Pants,3,52.29
2026-07-07T22:11:12Z,8f636d0d-6169-4401-96b2-c97fb92b3b7c,Pants,3,47.10
2026-07-07T22:25:17Z,833a9fb7-a954-4c85-8fa3-b09551b57108,Pants,1,37.01
2026-07-07T22:25:17Z,833a9fb7-a954-4c85-8fa3-b09551b57108,Shirt,3,33.34
2026-07-07T22:25:17Z,833a9fb7-a954-4c85-8fa3-b09551b57108,Hat,1,21.04
2026-07-08T03:48:40Z,0ebd7c4b-7a24-4acd-af3b-6cb47e8ee9ee,Hat,1,21.94
2026-07-08T03:48:40Z,0ebd7c4b-7a24-4acd-af3b-6cb47e8ee9ee,Shirt,1,20.69
2026-07-08T03:48:40Z,0ebd7c4b-7a24-4acd-af3b-6cb47e8ee9ee,Pants,3,42.33
2026-07-08T03:49:25Z,2f4d3214-a686-45c6-8731-d7a1f247bda8,Hat,3,15.54
2026-07-08T03:49:25Z,2f4d3214-a686-45c6-8731-d7a1f247bda8,Shirt,4,29.34
2026-07-08T03:49:25Z,2f4d3214-a686-45c6-8731-d7a1f247bda8,Pants,1,50.64
2026-07-08T08:52:00Z,2686c653-476f-45f1-8e27-9f24ec5d564d,Pants,4,55.94
2026-07-08T08:52:00Z,2686c653-476f-45f1-8e27-9f24ec5d564d,Shirt,4,32.98
2026-07-08T09:28:56Z,d469b546-590c-47df-a185-6686928d46ee,Shirt,2,34.60
2026-07-08T09:28:56Z,d469b546-590c-47df-a185-6686928d46ee,Hat,3,22.10
2026-07-08T09:28:56Z,d469b546-590c-47df-a185-6686928d46ee,Pants,4,48.77
2026-07-08T12:24:42Z,d6454878-7dad-4508-b4dc-69680731ed0a,Hat,3,16.26
2026-07-08T12:24:42Z,d6454878-7dad-4508-b4dc-69680731ed0a,Shirt,4,33.05
2026-07-08T12:24:42Z,d6454878-7dad-4508-b4dc-69680731ed0a,Pants,4,37.49
2026-07-08T13:21:20Z,4bad2560-a1af-4043-8514-48fc21feae1a,Hat,4,19.12
2026-07-08T13:21:20Z,4bad2560-a1af-4043-8514-48fc21feae1a,Pants,4,42.21
2026-07-08T13:21:20Z,4bad2560-a1af-4043-8514-48fc21feae1a,Shirt,1,32.20
2026-07-08T14:07:41Z,b46ba55c-6d8c-4f17-aa47-bd8e478db3ac,Shirt,3,33.99
2026-07-08T15:30:15Z,931885d7-f686-4785-92fa-f3a21e5f9825,Pants,2,44.59
2026-07-08T15:30:15Z,931885d7-f686-4785-92fa-f3a21e5f9825,Hat,3,23.64
2026-07-08T17:24:29Z,573e6a9c-9f13-42e8-a407-dc5b34ee9182,Hat,2,20.72
2026-07-08T17:24:29Z,573e6a9c-9f13-42e8-a407-dc5b34ee9182,Pants,4,56.40
2026-07-08T18:01:48Z,62830aeb-c33f-4405-918b-bceb624e91ce,Shirt,4,27.06
2026-07-08T18:01:48Z,62830aeb-c33f-4405-918b-bceb624e91ce,Hat,2,24.16
2026-07-08T18:01:48Z,62830aeb-c33f-4405-918b-bceb624e91ce,Pants,4,59.92
2026-07-08T18:09:14Z,8cb1e211-9ff7-48a1-ac94-41493a1432dc,Pants,1,46.49
2026-07-08T18:09:14Z,8cb1e211-9ff7-48a1-ac94-41493a1432dc,Shirt,4,33.48
2026-07-08T18:43:50Z,e2f093fd-4b66-423d-903d-d69751c8fa1b,Hat,4,16.75
2026-07-08T20:09:04Z,b76a429a-2f86-417a-9560-ff2018f48446,Shirt,4,29.35
2026-07-08T20:09:04Z,b76a429a-2f86-417a-9560-ff2018f48446,Pants,3,51.25
2026-07-08T20:45:56Z,8e2a015e-7d5d-4d70-803d-84898ea29844,Pants,2,50.44
2026-07-08T20:45:56Z,8e2a015e-7d5d-4d70-803d-84898ea29844,Hat,3,21.31
2026-07-09T01:19:31Z,c0f5e260-8297-47fd-b99a-014f61b72a81,Hat,2,17.35
2026-07-09T02:42:13Z,918f3b92-e76d-419e-8f1e-318fbc54d0e1,Pants,2,54.67
2026-07-09T02:42:13Z,918f3b92-e76d-419e-8f1e-318fbc54d0e1,Hat,2,24.89
2026-07-09T02:42:13Z,918f3b92-e76d-419e-8f1e-318fbc54d0e1,Shirt,2,21.03
2026-07-09T02:58:18Z,182da98c-d29b-46db-9e72-f2a2613fac6c,Pants,2,39.39
2026-07-09T02:58:18Z,182da98c-d29b-46db-9e72-f2a2613fac6c,Shirt,3,31.80
2026-07-09T05:16:58Z,338ed1d1-497b-43c2-86a0-a0b4ac498d02,Shirt,4,32.06
2026-07-09T05:16:58Z,338ed1d1-497b-43c2-86a0-a0b4ac498d02,Pants,2,59.07
2026-07-09T10:49:09Z,4fe4021b-e507-4e2b-afee-67e40bcd248d,Hat,3,24.88
2026-07-09T10:49:09Z,4fe4021b-e507-4e2b-afee-67e40bcd248d,Shirt,1,31.98
2026-07-09T10:49:09Z,4fe4021b-e507-4e2b-afee-67e40bcd248d,Pants,1,51.53
2026-07-09T11:37:19Z,4ab3e570-185a-49c3-a498-f1927950746f,Shirt,2,32.68
2026-07-09T11:37:19Z,4ab3e570-185a-49c3-a498-f1927950746f,Pants,4,59.98
2026-07-09T11:37:19Z,4ab3e570-185a-49c3-a498-f1927950746f,Hat,4,16.07
2026-07-09T12:54:51Z,62902aad-9159-46fe-8773-74fb2f1bfd6c,Shirt,1,20.21
2026-07-09T12:54:51Z,62902aad-9159-46fe-8773-74fb2f1bfd6c,Hat,3,19.55
2026-07-09T12:54:51Z,62902aad-9159-46fe-8773-74fb2f1bfd6c,Pants,3,49.61
2026-07-09T14:28:15Z,bc50a39c-b4f1-444e-aa17-72eeb96c6081,Hat,3,20.44
2026-07-09T14:28:15Z,bc50a39c-b4f1-444e-aa17-72eeb96c6081,Shirt,3,20.91
2026-07-09T19:56:35Z,7235e107-70e4-4d80-9ba1-d84134e46f09,Pants,4,51.19
2026-07-09T19:56:35Z,7235e107-70e4-4d80-9ba1-d84134e46f09,Hat,3,24.09
2026-07-09T20:12:39Z,78a25ab8-e0a9-44c1-83d0-87792d6a2f2a,Pants,1,50.71
2026-07-09T20:12:39Z,78a25ab8-e0a9-44c1-83d0-87792d6a2f2a,Hat,4,18.09
2026-07-09T22:18:01Z,c85be3fa-56e3-4b21-a943-225555032312,Shirt,1,28.49
2026-07-09T22:18:01Z,c85be3fa-56e3-4b21-a943-225555032312,Pants,4,57.77
2026-07-09T22:18:01Z,c85be3fa-56e3-4b21-a943-225555032312,Hat,3,23.33
2026-07-09T23:44:34Z,44204ac1-5dc8-44e5-8213-b5744677ea72,Pants,1,57.14
2026-07-09T23:44:34Z,44204ac1-5dc8-44e5-8213-b5744677ea72,Hat,4,23.34
2026-07-10T02:53:05Z,a052cfd4-705a-4983-a934-0e86a330cb99,Shirt,3,21.45
2026-07-10T04:42:30Z,814a1fa0-9e78-41d2-8725-0efe94b7c2b8,Hat,3,18.50
2026-07-10T10:52:29Z,7d60db2a-6151-4ae0-9856-d2c0ff17769b,Shirt,3,24.69
2026-07-10T10:52:29Z,7d60db2a-6151-4ae0-9856-d2c0ff17769b,Hat,3,21.65
2026-07-10T14:49:23Z,f6eaed48-d2ee-44e3-8141-74daf527bd28,Pants,1,47.60
2026-07-10T14:49:23Z,f6eaed48-d2ee-44e3-8141-74daf527bd28,Hat,3,22.27
2026-07-10T14:49:23Z,f6eaed48-d2ee-44e3-8141-74daf527bd28,Shirt,1,26.87
2026-07-10T16:38:27Z,2c1b2606-a8a6-4e9d-b99b-1c6a4562b8e0,Pants,2,37.86
2026-07-10T17:35:21Z,f3f4460c-da31-4d8d-9798-2445dbbb9137,Hat,4,23.74
2026-07-10T17:35:21Z,f3f4460c-da31-4d8d-9798-2445dbbb9137,Shirt,1,33.02
2026-07-10T17:35:21Z,f3f4460c-da31-4d8d-9798-2445dbbb9137,Pants,3,59.21
2026-07-10T18:20:01Z,6a90a69c-7c80-486a-9897-643c94667fd9,Shirt,4,20.79
2026-07-10T21:06:31Z,62959fc6-f623-4fa8-b449-d665ba5ca6bb,Shirt,2,24.83
2026-07-10T21:06:31Z,62959fc6-f623-4fa8-b449-d665ba5ca6bb,Hat,3,15.66
2026-07-10T21:06:31Z,62959fc6-f623-4fa8-b449-d665ba5ca6bb,Pants,3,50.61
2026-07-11T02:11:49Z,fcdc8e92-8ff5-4417-8178-0a3eb739bb85,Shirt,3,30.22
2026-07-11T02:11:49Z,fcdc8e92-8ff5-4417-8178-0a3eb739bb85,Pants,3,56.61
2026-07-11T02:11:49Z,fcdc8e92-8ff5-4417-8178-0a3eb739bb85,Hat,1,16.51
2026-07-11T04:10:48Z,cb227404-3758-4dcf-8b2c-be55cdf79205,Hat,4,19.43
2026-07-11T04:10:48Z,cb227404-3758-4dcf-8b2c-be55cdf79205,Pants,4,47.14
2026-07-11T04:10:48Z,cb227404-3758-4dcf-8b2c-be55cdf79205,Shirt,2,26.21
2026-07-11T05:04:32Z,25e1ff75-0f81-4185-82ac-8c9f9c76bdf6,Hat,2,18.51
2026-07-11T05:04:32Z,25e1ff75-0f81-4185-82ac-8c9f9c76bdf6,Pants,2,40.91
2026-07-11T05:04:32Z,25e1ff75-0f81-4185-82ac-8c9f9c76bdf6,Shirt,2,23.84
2026-07-11T08:37:03Z,2320c64b-6968-4e35-9111-2117f71acbad,Pants,4,42.76
2026-07-11T08:37:03Z,2320c64b-6968-4e35-9111-2117f71acbad,Hat,3,15.38
2026-07-11T09:43:43Z,3c16def0-35b6-4a15-925b-b5b6ef9ba9e4,Shirt,1,23.31
2026-07-11T09:43:43Z,3c16def0-35b6-4a15-925b-b5b6ef9ba9e4,Pants,3,35.19
2026-07-11T09:43:43Z,3c16def0-35b6-4a15-925b-b5b6ef9ba9e4,Hat,2,24.45
2026-07-11T10:10:51Z,f392a61b-18f6-46b2-989c-96a862bfd8b7,Shirt,1,26.55
2026-07-11T10:10:51Z,f392a61b-18f6-46b2-989c-96a862bfd8b7,Pants,4,41.08
2026-07-11T10:10:51Z,f392a61b-18f6-46b2-989c-96a862bfd8b7,Hat,4,20.24
2026-07-11T11:04:25Z,472eddf6-1171-4de8-b42a-a22cfa771209,Hat,1,19.60
2026-07-11T11:04:25Z,472eddf6-1171-4de8-b42a-a22cfa771209,Shirt,4,32.93
2026-07-11T11:04:25Z,472eddf6-1171-4de8-b42a-a22cfa771209,Pants,4,49.33
2026-07-11T13:29:21Z,7bacc87d-3fe3-426b-90ab-037bb022cc6f,Shirt,3,24.67
2026-07-11T15:47:27Z,ed15c81c-ccca-448b-ad72-6e71e5e98fbc,Hat,2,18.80
2026-07-11T17:49:52Z,a5b8f8ac-2666-40c6-a891-007740b10dea,Pants,3,35.72
2026-07-11T17:49:52Z,a5b8f8ac-2666-40c6-a891-007740b10dea,Hat,3,22.03
2026-07-11T17:49:52Z,a5b8f8ac-2666-40c6-a891-007740b10dea,Shirt,3,33.82
2026-07-11T21:25:04Z,2cf210a1-3b04-4b58-8e72-ce67e7d780b8,Pants,1,50.83
2026-07-12T05:13:21Z,786bccd6-e1c4-4c1d-b477-8eed5dbb2d37,Hat,2,25.00
2026-07-12T05:13:21Z,786bccd6-e1c4-4c1d-b477-8eed5dbb2d37,Pants,1,36.93
2026-07-12T10:45:05Z,8a64a365-11bf-473b-a1bf-bdfe67980791,Pants,4,41.19
2026-07-12T10:45:05Z,8a64a365-11bf-473b-a1bf-bdfe67980791,Hat,2,24.91
2026-07-12T10:45:05Z,8a64a365-11bf-473b-a1bf-bdfe67980791,Shirt,3,25.46
2026-07-12T12:08:38Z,938588c6-0a1d-49ba-95fa-9e01e7bc8549,Hat,3,21.43
2026-07-12T12:08:38Z,938588c6-0a1d-49ba-95fa-9e01e7bc8549,Shirt,1,32.20
2026-07-12T12:08:38Z,938588c6-0a1d-49ba-95fa-9e01e7bc8549,Pants,4,51.15
2026-07-12T16:02:42Z,8b9d1337-ce17-4038-bca7-1248944abcb1,Pants,2,49.93
2026-07-12T16:02:42Z,8b9d1337-ce17-4038-bca7-1248944abcb1,Hat,2,16.62
2026-07-12T19:03:50Z,2eb33367-fd32-4c93-bda7-815525320141,Pants,4,43.24
2026-07-12T19:03:50Z,2eb33367-fd32-4c93-bda7-815525320141,Shirt,2,24.26
2026-07-12T19:03:50Z,2eb33367-fd32-4c93-bda7-815525320141,Hat,2,18.33
2026-07-12T19:38:32Z,83f779a9-bdf4-4ccd-b5be-1f5c7fcbc472,Shirt,2,26.75
2026-07-12T19:38:32Z,83f779a9-bdf4-4ccd-b5be-1f5c7fcbc472,Hat,4,18.22
2026-07-13T01:25:32Z,c8760d20-775f-41b9-ad40-3c0648baf539,Hat,3,24.95
2026-07-13T01:25:32Z,c8760d20-775f-41b9-ad40-3c0648baf539,Shirt,3,23.37
2026-07-13T03:05:20Z,c6667e0c-f2ec-477a-b4ab-70a244a7c440,Shirt,4,29.04
2026-07-13T03:05:20Z,c6667e0c-f2ec-477a-b4ab-70a244a7c440,Pants,4,39.17
2026-07-13T03:05:20Z,c6667e0c-f2ec-477a-b4ab-70a244a7c440,Hat,1,18.52
2026-07-13T04:04:45Z,fb2ad9b1-79bd-41b5-8190-18ea9df8eb9c,Hat,2,17.02
2026-07-13T04:04:45Z,fb2ad9b1-79bd-41b5-8190-18ea9df8eb9c,Shirt,3,33.29
2026-07-13T04:08:02Z,3b38a3b0-11ca-420d-b2b5-ab2c216dac9d,Shirt,4,31.38
2026-07-13T04:08:02Z,3b38a3b0-11ca-420d-b2b5-ab2c216dac9d,Hat,1,19.49
2026-07-13T04:35:46Z,5535d0ff-6b91-418b-9dcc-c3322e7df0ef,Pants,2,54.40
2026-07-13T04:35:46Z,5535d0ff-6b91-418b-9dcc-c3322e7df0ef,Shirt,1,24.52
2026-07-13T04:35:46Z,5535d0ff-6b91-418b-9dcc-c3322e7df0ef,Hat,4,17.38
2026-07-13T11:04:33Z,644b853d-20b1-441d-9e7c-22535a703d0b,Pants,1,56.83
2026-07-13T11:04:33Z,644b853d-20b1-441d-9e7c-22535a703d0b,Hat,3,21.36
2026-07-13T11:04:33Z,644b853d-20b1-441d-9e7c-22535a703d0b,Shirt,1,23.80
2026-07-13T11:27:56Z,019e0891-de58-4480-bd68-837c32b6cb4b,Pants,4,57.37
2026-07-13T11:27:56Z,019e0891-de58-4480-bd68-837c32b6cb4b,Shirt,2,25.09
2026-07-13T11:35:59Z,2c4e082a-379a-48ab-a597-f7b470bba634,Pants,1,56.15
2026-07-13T14:49:18Z,c8f6eb38-1fa9-4b8b-b330-08e172859a04,Pants,2,59.16
2026-07-13T14:49:18Z,c8f6eb38-1fa9-4b8b-b330-08e172859a04,Shirt,2,32.02
2026-07-13T14:57:32Z,7b34e60e-0fb4-4fb0-9c9a-6a55957d35f3,Shirt,2,21.38
2026-07-13T16:17:51Z,b882a6a2-6bb3-4d06-be10-a6bddcf616ac,Pants,4,45.61
2026-07-13T17:30:16Z,335794b2-640e-494a-8b84-ab977660a268,Pants,3,39.78
2026-07-13T19:34:01Z,e99a9f03-c550-4ecc-a992-7e0eba9fbe3b,Pants,1,42.28
2026-07-13T19:34:01Z,e99a9f03-c550-4ecc-a992-7e0eba9fbe3b,Hat,2,21.15
2026-07-13T19:34:01Z,e99a9f03-c550-4ecc-a992-7e0eba9fbe3b,Shirt,2,28.56
2026-07-13T21:40:06Z,315449c8-e0f6-464f-8ff7-4035f24a8e90,Pants,3,36.11
2026-07-13T21:40:06Z,315449c8-e0f6-464f-8ff7-4035f24a8e90,Shirt,2,32.20
2026-07-13T21:40:06Z,315449c8-e0f6-464f-8ff7-4035f24a8e90,Hat,4,23.30
2026-07-13T23:15:28Z,6b1c44dc-dda5-4fc5-9a17-36eb96e90f96,Shirt,3,28.01
2026-07-13T23:15:28Z,6b1c44dc-dda5-4fc5-9a17-36eb96e90f96,Pants,4,59.14
2026-07-13T23:15:28Z,6b1c44dc-dda5-4fc5-9a17-36eb96e90f96,Hat,2,24.04
2026-07-14T00:09:54Z,4ee916e7-8883-4768-96ee-4afc7cdae24a,Pants,2,38.16
2026-07-14T00:09:54Z,4ee916e7-8883-4768-96ee-4afc7cdae24a,Shirt,3,31.68
2026-07-14T00:09:54Z,4ee916e7-8883-4768-96ee-4afc7cdae24a,Hat,1,18.62
2026-07-14T03:01:47Z,cf7978fe-b3a3-4189-9684-1cf6fcf0c4ee,Shirt,1,27.77
2026-07-14T11:23:28Z,36ec9ec3-b27b-485c-b3fc-5b4e415b9c2b,Pants,3,38.44
2026-07-14T11:29:51Z,28076f33-e121-4381-8213-3e8ef8861cf0,Hat,4,18.09
2026-07-14T11:29:51Z,28076f33-e121-4381-8213-3e8ef8861cf0,Pants,4,48.14
2026-07-14T11:29:51Z,28076f33-e121-4381-8213-3e8ef8861cf0,Shirt,1,32.35
2026-07-14T14:43:33Z,1c6d4a9f-f322-46e7-bde2-82ec7ca53452,Hat,2,22.68
2026-07-14T14:43:33Z,1c6d4a9f-f322-46e7-bde2-82ec7ca53452,Pants,1,45.82
2026-07-14T19:18:44Z,d26548d0-32d8-4170-b30f-8c91325cbc87,Hat,1,16.36
2026-07-14T19:18:44Z,d26548d0-32d8-4170-b30f-8c91325cbc87,Pants,4,46.30
2026-07-14T20:11:50Z,6489ccd3-a5b9-4b87-a276-e11e4e361cef,Pants,2,38.03
2026-07-14T20:11:50Z,6489ccd3-a5b9-4b87-a276-e11e4e361cef,Hat,2,22.92
2026-07-14T20:50:03Z,3e3e5eaf-514e-4f64-9a1c-b6ee2d7f5c75,Pants,3,50.94
2026-07-14T21:22:45Z,c24f508e-24a9-4233-be02-8f9b6c4c0d2f,Pants,3,48.55
2026-07-15T03:03:18Z,1acd7c85-9f59-48bc-975e-33f53b462695,Pants,2,41.21
2026-07-15T03:03:18Z,1acd7c85-9f59-48bc-975e-33f53b462695,Shirt,3,32.20
2026-07-15T09:30:15Z,a28614dc-a3a0-46f0-bce5-ce08df54d6ce,Shirt,1,21.09
2026-07-15T09:30:15Z,a28614dc-a3a0-46f0-bce5-ce08df54d6ce,Pants,4,38.95
2026-07-15T09:30:15Z,a28614dc-a3a0-46f0-bce5-ce08df54d6ce,Hat,2,19.84
2026-07-15T10:59:45Z,796fca37-ed30-4f62-bf06-8fc9ba4c0c22,Shirt,3,34.21
2026-07-15T14:31:56Z,09edc549-40e0-4140-9c87-8e6a39f05997,Shirt,4,21.35
2026-07-15T14:31:56Z,09edc549-40e0-4140-9c87-8e6a39f05997,Hat,2,20.05
2026-07-15T17:17:08Z,df03bf99-027e-4ff3-a40b-280913125a91,Shirt,2,28.88
2026-07-15T17:17:08Z,df03bf99-027e-4ff3-a40b-280913125a91,Hat,3,16.71
2026-07-15T17:17:08Z,df03bf99-027e-4ff3-a40b-280913125a91,Pants,1,56.06
2026-07-15T18:16:41Z,31024aa5-1854-4512-a618-f52e6ee3fff1,Pants,1,45.41
2026-07-15T22:20:46Z,08c82476-4e32-4f2e-9723-444f2a1e87ef,Shirt,1,31.41
2026-07-15T22:20:46Z,08c82476-4e32-4f2e-9723-444f2a1e87ef,Hat,4,18.19
2026-07-16T00:28:20Z,7c082c46-a885-4972-86d0-04af85876623,Hat,4,21.91
2026-07-16T00:28:20Z,7c082c46-a885-4972-86d0-04af85876623,Shirt,4,27.53
2026-07-16T09:37:21Z,e6d581cc-4c85-4179-993b-341c098fc378,Pants,1,46.87
2026-07-16T09:37:21Z,e6d581cc-4c85-4179-993b-341c098fc378,Shirt,1,25.53
2026-07-16T09:37:21Z,e6d581cc-4c85-4179-993b-341c098fc378,Hat,3,24.80
2026-07-16T15:16:41Z,5c7d28ee-b673-41a0-b827-b20ea83a13d3,Pants,2,49.59
2026-07-16T15:16:41Z,5c7d28ee-b673-41a0-b827-b20ea83a13d3,Hat,4,20.24
2026-07-16T15:16:41Z,5c7d28ee-b673-41a0-b827-b20ea83a13d3,Shirt,2,22.22
2026-07-16T15:38:56Z,bec1e53f-4f73-4054-976e-77a5ebec1c42,Pants,1,48.42
2026-07-16T15:38:56Z,bec1e53f-4f73-4054-976e-77a5ebec1c42,Shirt,3,26.46
2026-07-16T15:38:56Z,bec1e53f-4f73-4054-976e-77a5ebec1c42,Hat,4,22.28
2026-07-16T16:13:35Z,99aeb075-06da-4af5-9cb7-e3f392ada2f9,Pants,3,48.14
2026-07-16T16:13:35Z,99aeb075-06da-4af5-9cb7-e3f392ada2f9,Shirt,4,34.35
2026-07-16T17:12:23Z,ac0ba5f8-1d8a-4d37-af4d-0315efea4acc,Shirt,3,27.56
2026-07-16T17:12:23Z,ac0ba5f8-1d8a-4d37-af4d-0315efea4acc,Hat,1,23.25
2026-07-16T17:12:23Z,ac0ba5f8-1d8a-4d37-af4d-0315efea4acc,Pants,1,38.22
2026-07-16T17:23:48Z,40cf488a-5fd2-4c10-85cd-1ad3793eadb0,Hat,4,21.02
2026-07-16T22:21:51Z,83183009-1073-455a-9746-59efe924c2cf,Pants,2,38.72
2026-07-16T22:21:51Z,83183009-1073-455a-9746-59efe924c2cf,Shirt,3,24.92
2026-07-16T23:43:41Z,814a5592-6e7e-46ac-ad71-33a6f1a06e66,Shirt,3,34.36
2026-07-16T23:43:41Z,814a5592-6e7e-46ac-ad71-33a6f1a06e66,Pants,2,48.95
2026-07-16T23:43:41Z,814a5592-6e7e-46ac-ad71-33a6f1a06e66,Hat,3,24.41
2026-07-17T02:22:59Z,56ecea0c-8ed1-48cf-9a50-08b6e2198181,Pants,2,53.68
2026-07-17T02:22:59Z,56ecea0c-8ed1-48cf-9a50-08b6e2198181,Shirt,3,23.03
2026-07-17T08:21:19Z,296c1dbf-4bfe-4352-b369-ff41d81e339d,Pants,2,51.34
2026-07-17T08:21:19Z,296c1dbf-4bfe-4352-b369-ff41d81e339d,Hat,1,15.62
2026-07-17T08:21:19Z,296c1dbf-4bfe-4352-b369-ff41d81e339d,Shirt,2,26.98
2026-07-17T10:30:22Z,cc41b549-1bf9-4dc7-b6db-c89dd2ccdbdb,Pants,4,38.05
2026-07-17T10:30:22Z,cc41b549-1bf9-4dc7-b6db-c89dd2ccdbdb,Shirt,4,33.44
2026-07-17T10:30:22Z,cc41b549-1bf9-4dc7-b6db-c89dd2ccdbdb,Hat,2,23.18
2026-07-17T10:45:30Z,4bc0e926-eff2-4c8d-9261-8a4562f28357,Pants,1,54.27
2026-07-17T15:30:41Z,39d94425-0b8e-4a26-945f-1a3ff6216254,Shirt,1,24.82
2026-07-17T15:56:08Z,222dac79-2ea1-42ad-b5fc-8b0efe8fcf9d,Shirt,3,32.13
2026-07-17T15:56:08Z,222dac79-2ea1-42ad-b5fc-8b0efe8fcf9d,Pants,4,39.06
2026-07-17T15:56:08Z,222dac79-2ea1-42ad-b5fc-8b0efe8fcf9d,Hat,2,21.48
2026-07-17T18:43:48Z,e03a81bb-c4fc-4c1c-ada6-cdf8be4b5cba,Hat,4,21.11
2026-07-17T19:47:37Z,bfddaf0b-d69d-4e73-8dba-7d2a8cdc6903,Hat,2,15.51
2026-07-17T21:06:11Z,89af4434-8bac-49ff-a76c-1f44cd9bf8b9,Shirt,2,24.85
2026-07-17T22:49:19Z,9c28955f-73f6-4121-85fd-f79aaea4720e,Hat,2,21.15
2026-07-17T22:49:19Z,9c28955f-73f6-4121-85fd-f79aaea4720e,Shirt,4,34.36
2026-07-17T22:49:19Z,9c28955f-73f6-4121-85fd-f79aaea4720e,Pants,3,38.83
2026-07-17T23:46:54Z,59febff9-a382-4ffa-9887-4061bb23530d,Hat,2,19.18
2026-07-17T23:55:59Z,9261a5cc-7216-43e2-a944-dff1c8033d5c,Hat,1,17.98
2026-07-17T23:55:59Z,9261a5cc-7216-43e2-a944-dff1c8033d5c,Pants,3,58.21
2026-07-18T01:08:32Z,a2bfc50c-db02-4169-bf4c-4d6d0b2e65dc,Hat,3,20.77
2026-07-18T01:08:32Z,a2bfc50c-db02-4169-bf4c-4d6d0b2e65dc,Shirt,2,23.55
2026-07-18T02:58:36Z,da33979e-3dc6-4303-b1e3-0722cd0fd980,Hat,2,23.29
2026-07-18T08:03:35Z,98e8df70-0f62-4be3-a387-831c82bbc571,Pants,1,48.90
2026-07-18T08:03:35Z,98e8df70-0f62-4be3-a387-831c82bbc571,Hat,4,24.72
2026-07-18T08:03:35Z,98e8df70-0f62-4be3-a387-831c82bbc571,Shirt,3,31.79
2026-07-18T12:11:48Z,ac73f3bc-7dea-4363-b33d-4c0f3e57e10f,Shirt,2,24.51
2026-07-18T12:11:48Z,ac73f3bc-7dea-4363-b33d-4c0f3e57e10f,Hat,1,23.06
2026-07-18T12:11:48Z,ac73f3bc-7dea-4363-b33d-4c0f3e57e10f,Pants,4,49.06
2026-07-18T12:52:14Z,a8676ab1-6514-45b6-ac66-941429c30bf4,Shirt,3,25.19
2026-07-18T15:02:18Z,4d0070e6-806b-4a16-b5fe-e7ea8a525636,Hat,4,22.66
2026-07-18T15:02:18Z,4d0070e6-806b-4a16-b5fe-e7ea8a525636,Pants,4,44.36
2026-07-18T16:28:07Z,a70aade3-0315-4b86-9ec4-ff6ddde56ecc,Hat,4,23.99
2026-07-18T16:28:07Z,a70aade3-0315-4b86-9ec4-ff6ddde56ecc,Shirt,4,32.13
2026-07-18T16:28:07Z,a70aade3-0315-4b86-9ec4-ff6ddde56ecc,Pants,4,38.30
2026-07-18T21:26:39Z,5f1b0162-ea90-4c6b-99da-12010ea77a94,Hat,1,17.06
2026-07-18T21:51:19Z,e3b17b66-dc50-45cc-bf12-78173f8f40b7,Hat,2,23.16
2026-07-18T21:51:19Z,e3b17b66-dc50-45cc-bf12-78173f8f40b7,Shirt,1,28.67
2026-07-18T21:51:19Z,e3b17b66-dc50-45cc-bf12-78173f8f40b7,Pants,1,45.59
2026-07-18T21:52:13Z,b4b7694d-3fad-4da6-821b-96d73fb6283d,Pants,1,53.87
2026-07-18T21:55:34Z,b81344ee-c6b0-4e9d-bc5e-c93db5b9af2c,Pants,1,56.51
2026-07-18T22:55:03Z,12342779-591b-4b1c-9f85-218272265608,Pants,4,36.11
2026-07-18T23:14:53Z,9dba800c-f568-4dbf-984d-2a5d6031ef8a,Hat,4,24.78
2026-07-19T02:45:09Z,2cf60783-32b9-4d14-ba7c-75f9783eb8f7,Hat,3,20.06
2026-07-19T06:21:41Z,b6f70648-9ce1-4a3a-898a-62dc624d42ef,Shirt,1,32.71
2026-07-19T08:24:43Z,28221704-089c-4a38-8b3a-e01ef94a432e,Pants,2,39.70
2026-07-19T08:24:43Z,28221704-089c-4a38-8b3a-e01ef94a432e,Hat,3,19.79
2026-07-19T08:24:43Z,28221704-089c-4a38-8b3a-e01ef94a432e,Shirt,1,24.55
2026-07-19T15:29:06Z,85c93579-3410-4329-9106-65493db83193,Shirt,4,25.56
2026-07-19T15:29:06Z,85c93579-3410-4329-9106-65493db83193,Pants,2,36.14
2026-07-19T15:29:06Z,85c93579-3410-4329-9106-65493db83193,Hat,1,22.41
2026-07-19T15:58:15Z,3b9cc643-b88d-4734-b042-ed22e76d61b5,Pants,3,57.88
2026-07-19T15:58:15Z,3b9cc643-b88d-4734-b042-ed22e76d61b5,Hat,4,22.76
2026-07-19T15:58:15Z,3b9cc643-b88d-4734-b042-ed22e76d61b5,Shirt,3,26.99
2026-07-19T16:02:53Z,870414b4-ad0c-4a90-be83-7386e73c75fe,Pants,1,36.21
2026-07-19T19:58:30Z,a88b6115-ce59-4b5f-91a2-915d4765c71c,Shirt,4,27.98
2026-07-19T19:58:30Z,a88b6115-ce59-4b5f-91a2-915d4765c71c,Hat,3,15.12
2026-07-19T19:58:30Z,a88b6115-ce59-4b5f-91a2-915d4765c71c,Pants,3,48.39
2026-07-19T21:21:16Z,9ff84935-c1f3-4fb3-b3db-1ea3b7ee7df7,Pants,3,46.52
2026-07-19T21:21:16Z,9ff84935-c1f3-4fb3-b3db-1ea3b7ee7df7,Shirt,4,22.54
2026-07-19T23:26:18Z,db3a8428-a625-4981-9e0b-74e4ca2cbaf0,Hat,4,18.30
2026-07-20T03:57:33Z,2bcdd2d2-bc2e-492f-9506-0a2e695badef,Hat,4,17.11
2026-07-20T04:24:45Z,abc1c031-77e5-4635-9148-d1707bac220f,Hat,1,18.61
2026-07-20T04:24:45Z,abc1c031-77e5-4635-9148-d1707bac220f,Shirt,3,20.08
2026-07-20T04:24:45Z,abc1c031-77e5-4635-9148-d1707bac220f,Pants,3,46.12
2026-07-20T05:06:58Z,e50bd64f-0dec-4a5a-a2f7-cdbe140757b1,Pants,2,38.72
2026-07-20T08:50:25Z,c267574b-1ab0-4b74-920c-4ad307c533a2,Shirt,4,34.39
2026-07-20T08:57:34Z,8f28b4cd-d853-4f96-9273-d4fd62a75b7b,Pants,3,58.22
2026-07-20T08:57:34Z,8f28b4cd-d853-4f96-9273-d4fd62a75b7b,Hat,2,15.16
2026-07-20T08:57:34Z,8f28b4cd-d853-4f96-9273-d4fd62a75b7b,Shirt,4,28.81
2026-07-20T13:14:53Z,9777cb38-bc56-451d-aaf3-c334c250dfa4,Shirt,4,29.08
2026-07-20T14:31:14Z,74424732-c5f6-4f82-bd01-317555654741,Pants,4,45.80
2026-07-20T14:31:14Z,74424732-c5f6-4f82-bd01-317555654741,Shirt,3,21.29
2026-07-20T14:35:35Z,2f85ed85-7e02-44f2-9b2b-c82c5b0655c9,Shirt,1,21.34
2026-07-20T14:35:35Z,2f85ed85-7e02-44f2-9b2b-c82c5b0655c9,Hat,3,20.97
2026-07-20T14:35:35Z,2f85ed85-7e02-44f2-9b2b-c82c5b0655c9,Pants,1,56.59
2026-07-20T15:03:40Z,1614a576-6bed-4e7d-ba0a-825d53528d86,Pants,4,39.28
2026-07-20T18:53:54Z,ce59c6d3-0170-4b84-9b93-7ee61a5a36fb,Pants,2,44.60
2026-07-20T18:53:54Z,ce59c6d3-0170-4b84-9b93-7ee61a5a36fb,Shirt,1,31.86
2026-07-20T21:52:54Z,f9093819-99ba-45b7-95c3-5f98f48c02c3,Pants,1,59.79
2026-07-21T02:06:49Z,44df9294-9ab1-49d6-b6fb-7cf3383d18a2,Pants,2,51.62
2026-07-21T02:10:27Z,aa16c9ab-3078-42f1-b3d0-727c94f92528,Shirt,1,27.26
2026-07-21T02:10:27Z,aa16c9ab-3078-42f1-b3d0-727c94f92528,Pants,2,44.03
2026-07-21T06:29:06Z,4a6f20ca-3908-4c2d-900d-5c01851438f5,Shirt,4,20.10
2026-07-21T06:33:30Z,c70a8df6-61d2-4dc9-bcd6-612d65a324db,Shirt,4,26.57
2026-07-21T06:33:30Z,c70a8df6-61d2-4dc9-bcd6-612d65a324db,Hat,3,18.19
2026-07-21T07:36:33Z,a34532cc-6805-48af-ae69-0cb24bf2250f,Pants,2,44.52
2026-07-21T09:15:16Z,79c1dcf2-b739-46e2-a65c-c2e304cdb2d8,Hat,4,15.74
2026-07-21T09:15:16Z,79c1dcf2-b739-46e2-a65c-c2e304cdb2d8,Shirt,4,28.73
2026-07-21T09:15:16Z,79c1dcf2-b739-46e2-a65c-c2e304cdb2d8,Pants,3,48.59
2026-07-21T10:28:21Z,fe6ac7a1-3b36-4f58-8bc9-0f28c5761c94,Pants,2,42.51
2026-07-21T10:28:21Z,fe6ac7a1-3b36-4f58-8bc9-0f28c5761c94,Hat,2,19.79
2026-07-21T10:41:06Z,7519f9e6-047b-40d9-a79f-bc2ed8f20c17,Hat,3,20.52
2026-07-21T10:41:06Z,7519f9e6-047b-40d9-a79f-bc2ed8f20c17,Pants,4,49.00
2026-07-21T10:41:06Z,7519f9e6-047b-40d9-a79f-bc2ed8f20c17,Shirt,4,23.48
2026-07-21T13:25:01Z,e355ec44-2ba5-4092-bb4f-8a43f74f7a6b,Pants,4,49.81
2026-07-21T13:25:01Z,e355ec44-2ba5-4092-bb4f-8a43f74f7a6b,Hat,2,15.04
2026-07-21T13:25:01Z,e355ec44-2ba5-4092-bb4f-8a43f74f7a6b,Shirt,1,23.09
2026-07-21T18:34:11Z,4021246d-8904-4cce-8ad4-cf7d8f36a0a8,Pants,2,58.57
2026-07-21T18:34:11Z,4021246d-8904-4cce-8ad4-cf7d8f36a0a8,Hat,3,19.38
2026-07-21T18:34:11Z,4021246d-8904-4cce-8ad4-cf7d8f36a0a8,Shirt,1,32.47
2026-07-21T20:31:36Z,17f4ca0a-3bcd-4185-b943-c28d05e7f173,Shirt,4,25.64
2026-07-21T20:43:41Z,d40d64ee-4ef3-401f-af43-3d192e827b40,Shirt,1,21.59
2026-07-21T20:43:41Z,d40d64ee-4ef3-401f-af43-3d192e827b40,Pants,2,41.47
2026-07-21T21:37:44Z,a75cb9cb-e41e-4649-836b-408a145a5641,Hat,3,19.83
2026-07-21T21:37:44Z,a75cb9cb-e41e-4649-836b-408a145a5641,Shirt,1,26.24
2026-07-21T21:37:44Z,a75cb9cb-e41e-4649-836b-408a145a5641,Pants,2,37.90
2026-07-22T03:22:22Z,5343e2ed-7537-4efe-8ec2-5c44e832fd85,Pants,3,55.34
2026-07-22T03:22:22Z,5343e2ed-7537-4efe-8ec2-5c44e832fd85,Hat,1,24.19
2026-07-22T09:07:11Z,3409c14e-862e-469b-bd89-85bbd770e73c,Pants,4,47.77
2026-07-22T09:07:11Z,3409c14e-862e-469b-bd89-85bbd770e73c,Hat,4,20.96
2026-07-22T09:10:49Z,805b146d-2650-48c9-bc5b-206bb169f114,Pants,1,48.74
2026-07-22T09:10:49Z,805b146d-2650-48c9-bc5b-206bb169f114,Shirt,3,28.59
2026-07-22T11:20:12Z,4f5f0c11-2e5a-4176-8e16-b4f3b864fc9c,Hat,4,21.71
2026-07-22T11:20:12Z,4f5f0c11-2e5a-4176-8e16-b4f3b864fc9c,Shirt,3,27.92
2026-07-22T14:31:10Z,4e8fabfd-7e03-4709-942a-b61e5452b9f8,Pants,2,35.77
2026-07-22T19:03:55Z,28d298de-a135-48f4-8864-33db9bb6e956,Hat,4,16.37
2026-07-22T19:03:55Z,28d298de-a135-48f4-8864-33db9bb6e956,Shirt,4,34.46
2026-07-22T22:58:41Z,b7d1f519-41d9-42ba-8969-060532009da6,Pants,3,39.17
2026-07-23T02:28:55Z,a8fe8c65-1f5b-4c8b-b315-2eb1b51593ea,Hat,3,17.10
2026-07-23T10:45:18Z,db8b4fc5-a646-4dd6-8877-65a8d69c1881,Pants,1,58.81
2026-07-23T10:45:18Z,db8b4fc5-a646-4dd6-8877-65a8d69c1881,Shirt,4,22.03
2026-07-23T19:08:50Z,13b030f4-9b49-49f2-aa55-76bd31cb7adc,Hat,3,23.05
2026-07-23T22:55:08Z,31ebe51b-c516-4b18-8f38-0e055d72c7bb,Hat,2,22.11
2026-07-23T23:28:34Z,70cc0cc3-d20d-40ef-939b-4b87824a4a37,Shirt,2,21.54
2026-07-24T03:37:46Z,deabf440-e8cb-430e-b82a-c3aecdfb8f2c,Shirt,2,24.72
2026-07-24T03:37:46Z,deabf440-e8cb-430e-b82a-c3aecdfb8f2c,Pants,1,41.19
2026-07-24T04:24:49Z,7b2fa22f-ff4a-4890-8b03-97bac234fc0f,Pants,2,59.82
2026-07-24T06:02:59Z,1a41baf5-1092-4279-aa5e-af52a1383150,Shirt,4,27.60
2026-07-24T08:40:26Z,774f84a8-8cd0-4a4b-8d29-e8bdfe29a547,Shirt,1,29.50
2026-07-24T08:40:26Z,774f84a8-8cd0-4a4b-8d29-e8bdfe29a547,Hat,3,19.03
2026-07-24T10:25:37Z,6f575541-7038-4fdb-85d6-d18c197b051f,Pants,2,52.47
2026-07-24T10:25:37Z,6f575541-7038-4fdb-85d6-d18c197b051f,Hat,1,15.58
2026-07-24T10:25:37Z,6f575541-7038-4fdb-85d6-d18c197b051f,Shirt,1,33.87
2026-07-24T10:37:00Z,2554b681-cb93-4612-a390-6ffe772a9e69,Hat,4,23.50
2026-07-24T10:37:00Z,2554b681-cb93-4612-a390-6ffe772a9e69,Shirt,4,23.27
2026-07-24T10:37:00Z,2554b681-cb93-4612-a390-6ffe772a9e69,Pants,4,55.62
2026-07-24T14:00:00Z,b923dfc8-2026-4512-a44b-c124236d4f6e,Shirt,4,30.41
2026-07-24T14:00:00Z,b923dfc8-2026-4512-a44b-c124236d4f6e,Hat,4,15.71
2026-07-24T14:00:00Z,b923dfc8-2026-4512-a44b-c124236d4f6e,Pants,1,37.23
2026-07-24T17:34:39Z,1de186f0-ff34-4226-a81c-428ba60ecc5f,Shirt,1,21.25
2026-07-24T17:36:08Z,0c144a25-573e-4721-82ea-7b28534c2055,Shirt,4,20.69
2026-07-24T17:36:08Z,0c144a25-573e-4721-82ea-7b28534c2055,Pants,2,35.41
2026-07-24T17:36:08Z,0c144a25-573e-4721-82ea-7b28534c2055,Hat,1,19.41
2026-07-24T19:18:49Z,545724f6-b4b3-43d0-b4cf-6fc90a8fa4fc,Hat,2,20.18
2026-07-24T19:18:49Z,545724f6-b4b3-43d0-b4cf-6fc90a8fa4fc,Shirt,3,31.22
2026-07-24T19:18:49Z,545724f6-b4b3-43d0-b4cf-6fc90a8fa4fc,Pants,2,51.15
2026-07-24T20:10:28Z,0f0ea723-5ea5-4b02-b907-7082db463f5b,Pants,2,50.70
2026-07-24T20:10:28Z,0f0ea723-5ea5-4b02-b907-7082db463f5b,Hat,4,24.20
2026-07-24T20:19:10Z,f716cbba-a6bb-4636-8cd3-03fdae6029f7,Hat,3,17.50
2026-07-24T20:19:10Z,f716cbba-a6bb-4636-8cd3-03fdae6029f7,Shirt,2,29.97
2026-07-24T20:38:04Z,4fb4645a-6f5d-43cd-88c5-03992f71a67f,Hat,4,16.32
2026-07-24T20:38:04Z,4fb4645a-6f5d-43cd-88c5-03992f71a67f,Shirt,2,25.48
2026-07-24T20:38:04Z,4fb4645a-6f5d-43cd-88c5-03992f71a67f,Pants,1,54.07
2026-07-24T21:47:42Z,4a7e0141-cb2a-4160-8e17-1f1a79b49462,Hat,1,22.08
2026-07-24T21:47:42Z,4a7e0141-cb2a-4160-8e17-1f1a79b49462,Pants,3,39.10
2026-07-24T21:47:42Z,4a7e0141-cb2a-4160-8e17-1f1a79b49462,Shirt,3,27.85
2026-07-24T22:48:14Z,92f4638f-5c5a-413a-aec9-aecda9b0e8aa,Pants,1,52.59
2026-07-24T22:48:14Z,92f4638f-5c5a-413a-aec9-aecda9b0e8aa,Hat,1,17.13
2026-07-25T01:25:04Z,c565a808-2690-484b-a25e-70992118ec24,Shirt,4,24.91
2026-07-25T01:25:04Z,c565a808-2690-484b-a25e-70992118ec24,Pants,2,35.20
2026-07-25T04:11:59Z,27893442-bde9-44e5-9cbe-85a32adb9350,Pants,4,55.08
2026-07-25T04:45:17Z,5a076114-881c-42f4-b1df-3b406f602ea1,Hat,4,24.21
2026-07-25T07:34:22Z,d109384d-4c2e-49e4-a936-9539e5e9bcbb,Pants,4,35.04
2026-07-25T07:34:22Z,d109384d-4c2e-49e4-a936-9539e5e9bcbb,Hat,3,23.49
2026-07-25T07:34:22Z,d109384d-4c2e-49e4-a936-9539e5e9bcbb,Shirt,2,21.56
2026-07-25T07:47:32Z,1cfa7cbe-a454-4b24-a6c7-2e8223591c64,Hat,1,23.59
2026-07-25T18:40:04Z,ba9dd177-b462-418c-86b0-760caa4b85e2,Shirt,2,20.83
2026-07-25T18:40:04Z,ba9dd177-b462-418c-86b0-760caa4b85e2,Pants,3,44.19
2026-07-25T19:15:29Z,09705f00-f53f-49b3-825c-1658965bce48,Pants,2,59.94
2026-07-25T19:15:29Z,09705f00-f53f-49b3-825c-1658965bce48,Shirt,2,30.99
2026-07-25T23:20:17Z,e7f5c474-0224-4b63-88ba-a349dc71c54d,Pants,1,44.32
2026-07-25T23:56:07Z,9978a161-9adf-4b01-aa38-df4087397bfe,Shirt,3,32.11
2026-07-26T04:07:00Z,e86732a4-0fa0-4224-8e35-d8d5f5d27ff5,Hat,4,16.31
2026-07-26T04:15:18Z,a7c5b9a9-7839-46b5-9e82-3c0bb6c5da9c,Shirt,3,30.51
2026-07-26T04:15:18Z,a7c5b9a9-7839-46b5-9e82-3c0bb6c5da9c,Pants,3,42.95
2026-07-26T06:28:19Z,a78309e3-9723-4968-9671-c01868061600,Shirt,3,21.36
2026-07-26T06:28:19Z,a78309e3-9723-4968-9671-c01868061600,Hat,1,23.26
2026-07-26T07:22:25Z,acd79f91-d100-41b4-97ca-c05cc71fb3e7,Hat,2,23.20
2026-07-26T07:22:25Z,acd79f91-d100-41b4-97ca-c05cc71fb3e7,Shirt,4,20.47
2026-07-26T07:22:25Z,acd79f91-d100-41b4-97ca-c05cc71fb3e7,Pants,2,56.37
2026-07-26T18:06:09Z,921024be-f22d-4da3-a87a-f356d3fc7a94,Hat,3,19.50
2026-07-26T18:06:32Z,c726ed21-2aa8-4f3b-bcfe-94fc434a0dbe,Pants,1,55.50
2026-07-27T05:22:13Z,649f5434-6b5b-42fd-9474-40f90e4675e7,Shirt,2,24.20
2026-07-27T07:40:51Z,b8787b64-54e4-47cf-9766-231f793f361f,Hat,4,19.80
2026-07-27T07:40:51Z,b8787b64-54e4-47cf-9766-231f793f361f,Shirt,3,25.16
2026-07-27T07:40:51Z,b8787b64-54e4-47cf-9766-231f793f361f,Pants,2,44.71
2026-07-27T08:03:51Z,472fefa0-93e4-4397-8b9f-a9ed1852c0ec,Pants,2,54.17
2026-07-27T08:03:51Z,472fefa0-93e4-4397-8b9f-a9ed1852c0ec,Shirt,1,34.61
2026-07-27T10:07:02Z,11ebdf89-3c22-4d81-bd17-8ea6d53ebc35,Hat,4,24.24
2026-07-27T10:07:02Z,11ebdf89-3c22-4d81-bd17-8ea6d53ebc35,Pants,4,55.54
2026-07-27T18:37:16Z,adec788a-ceef-4085-b072-93a7ef52f4a7,Hat,2,24.97
2026-07-27T20:18:31Z,293db7c4-65c3-4177-ba52-4f22970bba18,Pants,3,36.52
2026-07-27T20:18:31Z,293db7c4-65c3-4177-ba52-4f22970bba18,Shirt,4,25.75
2026-07-28T04:49:07Z,d3b093e1-03dd-488c-ab50-98cd2227745a,Shirt,4,30.57
2026-07-28T04:49:07Z,d3b093e1-03dd-488c-ab50-98cd2227745a,Hat,3,20.86
2026-07-28T04:49:07Z,d3b093e1-03dd-488c-ab50-98cd2227745a,Pants,2,42.54
2026-07-28T07:36:54Z,44ccdc44-d055-4cdb-a8ec-2b3f5f3c99ff,Shirt,3,22.64
2026-07-28T07:36:54Z,44ccdc44-d055-4cdb-a8ec-2b3f5f3c99ff,Hat,3,23.06
2026-07-28T15:41:20Z,ad915a5d-d444-443a-a765-f38aa78b597d,Pants,3,59.22
2026-07-28T18:36:09Z,1f15aa0c-f464-43c8-8520-155927f51855,Hat,1,16.76
2026-07-28T18:36:09Z,1f15aa0c-f464-43c8-8520-155927f51855,Shirt,2,21.35
2026-07-28T18:36:09Z,1f15aa0c-f464-43c8-8520-155927f51855,Pants,1,50.04
2026-07-28T19:12:51Z,3e2da15e-1b9c-4d9f-93ea-61af079694d9,Shirt,3,30.75
2026-07-29T01:09:48Z,09315bf2-b68c-4be7-b27b-649ebcbf12d5,Pants,4,51.70
2026-07-29T01:09:48Z,09315bf2-b68c-4be7-b27b-649ebcbf12d5,Hat,2,24.71
2026-07-29T01:09:48Z,09315bf2-b68c-4be7-b27b-649ebcbf12d5,Shirt,4,28.30
2026-07-29T01:25:36Z,57d97c1d-1833-423b-ba36-baab0ce9da9d,Shirt,4,25.41
2026-07-29T01:25:36Z,57d97c1d-1833-423b-ba36-baab0ce9da9d,Hat,4,15.88
2026-07-29T01:25:36Z,57d97c1d-1833-423b-ba36-baab0ce9da9d,Pants,1,39.99
2026-07-29T02:30:54Z,2cdb1c48-3fff-4e10-9ff9-4274482cdef1,Shirt,4,31.77
2026-07-29T05:28:04Z,a22348a9-6c37-4226-ab4d-8e6933eaf0a0,Shirt,3,20.30
2026-07-29T09:46:44Z,84ebfb55-a795-4c6d-82e7-f87129d01d0c,Hat,4,22.29
2026-07-29T09:46:44Z,84ebfb55-a795-4c6d-82e7-f87129d01d0c,Pants,1,56.27
2026-07-29T10:28:00Z,c3398622-cfe5-4556-8b15-20d6bf89e3c8,Hat,3,21.93
2026-07-29T10:28:00Z,c3398622-cfe5-4556-8b15-20d6bf89e3c8,Pants,1,41.42
2026-07-29T12:10:46Z,e6fcf410-58af-49cc-83f3-0110dbf7e84b,Pants,1,58.55
2026-07-29T17:24:11Z,b9a55a7c-10e4-4f01-b014-7d605488e31a,Shirt,1,22.80
2026-07-29T17:24:11Z,b9a55a7c-10e4-4f01-b014-7d605488e31a,Pants,4,41.58
2026-07-29T19:14:40Z,8575d525-4e28-45bd-ab09-251fdc518bad,Hat,1,18.31
2026-07-29T19:14:40Z,8575d525-4e28-45bd-ab09-251fdc518bad,Shirt,3,23.57
2026-07-29T19:14:40Z,8575d525-4e28-45bd-ab09-251fdc518bad,Pants,1,39.20
2026-07-29T22:01:27Z,1e93ccf8-0e43-42c1-941d-4c3437700373,Hat,3,15.54
2026-07-29T22:01:27Z,1e93ccf8-0e43-42c1-941d-4c3437700373,Shirt,2,23.08
2026-07-29T22:01:27Z,1e93ccf8-0e43-42c1-941d-4c3437700373,Pants,3,45.23
2026-07-29T23:26:10Z,e4cd95ea-2512-4e3e-9b17-c3e7b44c1b3b,Shirt,4,25.27
2026-07-29T23:26:10Z,e4cd95ea-2512-4e3e-9b17-c3e7b44c1b3b,Pants,4,37.54
2026-07-30T04:49:54Z,5950f441-3d26-47b9-b080-5b3d1b37e6d7,Pants,2,39.82
2026-07-30T04:49:54Z,5950f441-3d26-47b9-b080-5b3d1b37e6d7,Hat,2,23.37
2026-07-30T04:49:54Z,5950f441-3d26-47b9-b080-5b3d1b37e6d7,Shirt,1,20.50
2026-07-30T05:13:51Z,c8fef1db-34e8-4e68-addd-3ad620fc13ca,Hat,1,15.43
2026-07-30T07:41:14Z,a6f3bf3e-2445-47fe-ab37-7f44fcf5914a,Hat,1,20.13
2026-07-30T07:41:14Z,a6f3bf3e-2445-47fe-ab37-7f44fcf5914a,Shirt,2,27.11
2026-07-30T07:41:14Z,a6f3bf3e-2445-47fe-ab37-7f44fcf5914a,Pants,1,51.18
2026-07-30T09:19:17Z,ab8bb30f-7f65-496d-9b83-a15de2614dd4,Pants,2,59.31
2026-07-30T09:19:17Z,ab8bb30f-7f65-496d-9b83-a15de2614dd4,Hat,4,16.34
2026-07-30T09:55:34Z,6cf2ca3d-61a0-45ab-9655-91c6416d6b86,Shirt,4,25.75
2026-07-30T09:55:34Z,6cf2ca3d-61a0-45ab-9655-91c6416d6b86,Pants,4,49.30
2026-07-30T13:07:26Z,1e72d991-2de7-42a9-ad40-272fb6ced513,Hat,1,20.67
2026-07-30T14:32:25Z,7e620691-31c6-4757-9cab-380adfc64cad,Hat,4,18.72
2026-07-30T14:32:25Z,7e620691-31c6-4757-9cab-380adfc64cad,Pants,4,39.44
2026-07-30T14:32:25Z,7e620691-31c6-4757-9cab-380adfc64cad,Shirt,3,28.80
2026-07-30T18:56:15Z,4b733771-56b5-42f4-b685-576afd326235,Shirt,1,25.92
2026-07-30T18:56:15Z,4b733771-56b5-42f4-b685-576afd326235,Hat,2,20.02
2026-07-30T19:38:43Z,3f3cebf3-2fb5-4496-beca-5e4297cb819a,Shirt,3,33.34
2026-07-30T19:38:43Z,3f3cebf3-2fb5-4496-beca-5e4297cb819a,Hat,1,21.91
2026-07-30T19:38:43Z,3f3cebf3-2fb5-4496-beca-5e4297cb819a,Pants,3,53.64
2026-07-30T20:05:12Z,ddadc874-85f6-43ce-b175-7fac5adc9866,Hat,3,22.41
2026-07-30T20:05:12Z,ddadc874-85f6-43ce-b175-7fac5adc9866,Shirt,2,32.32
2026-07-30T20:09:53Z,50bc98d3-389e-44ff-a335-5e2a0b9a3882,Shirt,4,21.31
2026-07-30T20:09:53Z,50bc98d3-389e-44ff-a335-5e2a0b9a3882,Pants,3,48.80
2026-07-30T20:09:53Z,50bc98d3-389e-44ff-a335-5e2a0b9a3882,Hat,1,20.20
2026-07-30T23:53:44Z,3eee5fbf-a229-4a14-8ff6-47f83ede1420,Shirt,1,20.41
2026-07-31T00:41:31Z,502e4d58-e590-4e18-9991-04ebf3b1f42b,Shirt,1,26.07
2026-07-31T00:41:31Z,502e4d58-e590-4e18-9991-04ebf3b1f42b,Pants,2,49.58
2026-07-31T03:30:03Z,93b962d4-d14a-46c1-ad80-afcc9f7ac610,Pants,1,57.24
2026-07-31T03:30:03Z,93b962d4-d14a-46c1-ad80-afcc9f7ac610,Hat,4,23.67
2026-07-31T03:30:03Z,93b962d4-d14a-46c1-ad80-afcc9f7ac610,Shirt,4,27.95
2026-07-31T06:09:33Z,971e4db4-aab5-41c9-a42e-013133b787a6,Hat,4,23.05
2026-07-31T08:46:51Z,5d0cfb18-58c3-4f56-a75e-2f04ba88d4a4,Hat,2,17.22
2026-07-31T08:46:51Z,5d0cfb18-58c3-4f56-a75e-2f04ba88d4a4,Shirt,3,31.16
2026-07-31T08:46:51Z,5d0cfb18-58c3-4f56-a75e-2f04ba88d4a4,Pants,3,45.51
2026-07-31T09:43:06Z,98952020-1030-44b2-9332-0223c3a3b1d6,Hat,3,24.88
2026-07-31T09:43:06Z,98952020-1030-44b2-9332-0223c3a3b1d6,Shirt,3,32.92
2026-07-31T10:26:36Z,61ad028c-739e-4aa3-8946-d73859ae223a,Hat,2,23.62
2026-07-31T10:26:36Z,61ad028c-739e-4aa3-8946-d73859ae223a,Shirt,4,31.68
2026-07-31T12:37:06Z,e7919fd7-e97a-47ab-a59f-b0c106a28c81,Pants,3,59.99
2026-07-31T17:40:50Z,0ba93e67-d253-4f4a-87e5-db3439572212,Pants,2,47.68
2026-07-31T17:40:50Z,0ba93e67-d253-4f4a-87e5-db3439572212,Shirt,2,32.61
2026-07-31T22:45:41Z,d41bab50-ffcc-44e3-a5c8-835823b8148a,Shirt,4,32.77
2026-07-31T22:45:41Z,d41bab50-ffcc-44e3-a5c8-835823b8148a,Pants,4,41.30
2026-08-01T00:28:17Z,d29e43f5-6284-439b-ae30-8a0a9f54fa48,Hat,2,20.76
2026-08-01T00:40:46Z,ebced9d6-75f5-47a6-b98c-2bff33980693,Hat,3,21.94
2026-08-01T10:27:56Z,b6e23c8d-be63-4c75-92b5-748c3adb2234,Hat,2,18.59
2026-08-01T10:27:56Z,b6e23c8d-be63-4c75-92b5-748c3adb2234,Shirt,4,22.47
2026-08-01T10:27:56Z,b6e23c8d-be63-4c75-92b5-748c3adb2234,Pants,2,35.48
2026-08-01T18:19:10Z,35843240-a914-4219-9654-4b9ba94cba34,Hat,3,17.98
2026-08-01T20:27:25Z,d59df381-7473-45e3-a0e0-74bc0d4d92d9,Shirt,2,20.07
2026-08-01T20:27:25Z,d59df381-7473-45e3-a0e0-74bc0d4d92d9,Pants,1,53.27
2026-08-02T00:03:44Z,f5242e14-c9d6-4845-a344-eed2ae454b22,Shirt,1,26.66
2026-08-02T01:00:41Z,aaeb6718-3d54-4e12-a2d4-02b193744dee,Pants,4,56.22
2026-08-02T03:50:06Z,93f40f12-a835-405a-a5d2-ab3c6e48d1bc,Hat,2,22.78
2026-08-02T03:50:06Z,93f40f12-a835-405a-a5d2-ab3c6e48d1bc,Pants,4,43.95
2026-08-02T05:07:08Z,99f089af-4dd4-4438-8b10-c551001a037b,Pants,4,37.59
2026-08-02T05:07:08Z,99f089af-4dd4-4438-8b10-c551001a037b,Hat,4,23.02
2026-08-02T05:07:08Z,99f089af-4dd4-4438-8b10-c551001a037b,Shirt,4,22.72
2026-08-02T06:44:43Z,90eec62d-164d-4634-aafe-51da1a7f8f42,Hat,3,21.62
2026-08-02T06:44:43Z,90eec62d-164d-4634-aafe-51da1a7f8f42,Shirt,2,29.34
2026-08-02T06:44:43Z,90eec62d-164d-4634-aafe-51da1a7f8f42,Pants,1,45.47
2026-08-02T06:44:59Z,3f4fec48-32db-45a6-9db2-c4f81fde5ddb,Shirt,1,20.04
2026-08-02T06:44:59Z,3f4fec48-32db-45a6-9db2-c4f81fde5ddb,Hat,4,24.07
2026-08-02T07:21:17Z,74e7f931-fd00-4dca-9ce2-d66552fb0347,Pants,4,40.57
2026-08-02T09:23:51Z,7b3f6721-0238-4dbf-b57d-d966e115b8a5,Shirt,1,21.42
2026-08-02T09:23:51Z,7b3f6721-0238-4dbf-b57d-d966e115b8a5,Pants,2,35.24
2026-08-02T09:23:51Z,7b3f6721-0238-4dbf-b57d-d966e115b8a5,Hat,2,21.63
2026-08-02T16:10:07Z,1d82dec0-5d43-4bf2-886c-3baf068e0b71,Pants,3,44.38
2026-08-02T16:10:07Z,1d82dec0-5d43-4bf2-886c-3baf068e0b71,Hat,1,22.71
2026-08-02T18:28:05Z,d43fb452-aff2-4de9-87ae-9a586e25963e,Shirt,4,21.78
2026-08-02T18:28:05Z,d43fb452-aff2-4de9-87ae-9a586e25963e,Pants,1,53.63
2026-08-02T19:17:56Z,df2bf94a-7b51-4975-8dab-1e2458da04ef,Hat,4,16.83
2026-08-02T19:17:56Z,df2bf94a-7b51-4975-8dab-1e2458da04ef,Shirt,4,26.00
2026-08-02T19:17:56Z,df2bf94a-7b51-4975-8dab-1e2458da04ef,Pants,4,41.80
2026-08-02T21:33:49Z,04bebb6b-fb29-4eee-bad5-66ea834a3036,Pants,1,47.98
2026-08-02T21:33:49Z,04bebb6b-fb29-4eee-bad5-66ea834a3036,Hat,2,19.33
2026-08-02T21:33:49Z,04bebb6b-fb29-4eee-bad5-66ea834a3036,Shirt,4,27.23
2026-08-02T23:46:06Z,8be5ea7e-ba8a-43b5-8a2d-1c59da39b437,Pants,3,46.42
2026-08-02T23:46:06Z,8be5ea7e-ba8a-43b5-8a2d-1c59da39b437,Hat,1,17.64
2026-08-02T23:57:08Z,71271e3c-b1ff-4c4c-a51a-6320a56ea5b4,Shirt,4,33.31
2026-08-02T23:57:08Z,71271e3c-b1ff-4c4c-a51a-6320a56ea5b4,Hat,3,15.46
2026-08-03T00:52:05Z,ce036478-b5dc-46d7-b172-cf62517f7f4a,Pants,4,51.36
2026-08-03T00:52:05Z,ce036478-b5dc-46d7-b172-cf62517f7f4a,Shirt,3,34.26
2026-08-03T00:52:05Z,ce036478-b5dc-46d7-b172-cf62517f7f4a,Hat,2,23.25
2026-08-03T01:22:52Z,1365c4dc-4168-4db6-9017-4f8e673a4765,Hat,4,22.42
2026-08-03T01:22:52Z,1365c4dc-4168-4db6-9017-4f8e673a4765,Pants,3,40.94
2026-08-03T01:57:10Z,e8ab8119-657b-441f-bd83-f1f21dc72d87,Hat,2,16.07
2026-08-03T01:57:10Z,e8ab8119-657b-441f-bd83-f1f21dc72d87,Shirt,4,22.81
2026-08-03T07:17:25Z,9aff3501-73bf-4c7b-8075-c4378fd10541,Shirt,2,32.07
2026-08-03T07:17:25Z,9aff3501-73bf-4c7b-8075-c4378fd10541,Pants,3,45.32
2026-08-03T08:08:10Z,a0d2e865-a484-459e-86c7-daa9de604cd3,Shirt,2,26.99
2026-08-03T08:08:10Z,a0d2e865-a484-459e-86c7-daa9de604cd3,Hat,3,15.40
2026-08-03T08:08:10Z,a0d2e865-a484-459e-86c7-daa9de604cd3,Pants,3,49.92
2026-08-03T12:09:03Z,d4f6643f-7571-4aef-b8af-40f703c473be,Hat,2,22.50
2026-08-03T12:09:03Z,d4f6643f-7571-4aef-b8af-40f703c473be,Pants,3,59.59
2026-08-03T12:09:03Z,d4f6643f-7571-4aef-b8af-40f703c473be,Shirt,1,22.20
2026-08-03T12:26:50Z,0ee5f69b-7977-4081-8f86-094e83b4b1db,Shirt,2,31.16
2026-08-03T12:26:50Z,0ee5f69b-7977-4081-8f86-094e83b4b1db,Hat,4,21.21
2026-08-03T12:26:50Z,0ee5f69b-7977-4081-8f86-094e83b4b1db,Pants,3,55.75
2026-08-03T17:59:27Z,2c07badf-a725-4b41-81df-a62ba59ee9a1,Shirt,2,30.96
2026-08-03T17:59:27Z,2c07badf-a725-4b41-81df-a62ba59ee9a1,Hat,3,16.04
2026-08-03T17:59:27Z,2c07badf-a725-4b41-81df-a62ba59ee9a1,Pants,4,47.60
2026-08-03T19:30:45Z,ac298814-493f-4406-828f-c41175332469,Shirt,2,21.46
2026-08-03T19:30:45Z,ac298814-493f-4406-828f-c41175332469,Pants,3,35.05
2026-08-03T19:30:45Z,ac298814-493f-4406-828f-c41175332469,Hat,3,23.30
2026-08-03T22:07:48Z,f4ffc6d5-5e69-4b5b-be55-f748d1b212d2,Pants,4,49.57
2026-08-03T22:07:48Z,f4ffc6d5-5e69-4b5b-be55-f748d1b212d2,Shirt,3,30.11
2026-08-03T22:21:06Z,060d6296-843e-4103-817a-fb261f720e3f,Hat,4,22.72
2026-08-03T22:21:06Z,060d6296-843e-4103-817a-fb261f720e3f,Pants,2,46.43
2026-08-03T23:12:18Z,b820f2d2-0d97-49ab-8a63-8b8a1ba835c7,Hat,2,16.87
2026-08-03T23:12:18Z,b820f2d2-0d97-49ab-8a63-8b8a1ba835c7,Pants,1,53.38
2026-08-03T23:59:35Z,e9f96a1c-cb0a-434c-8732-5b40d295c28e,Hat,3,21.24
2026-08-03T23:59:35Z,e9f96a1c-cb0a-434c-8732-5b40d295c28e,Pants,2,52.17
2026-08-03T23:59:35Z,e9f96a1c-cb0a-434c-8732-5b40d295c28e,Shirt,2,34.72
2026-08-04T00:30:10Z,643b5731-bde5-45ca-9a47-f7798997d391,Hat,3,22.97
2026-08-04T00:30:10Z,643b5731-bde5-45ca-9a47-f7798997d391,Pants,2,59.00
2026-08-04T00:30:10Z,643b5731-bde5-45ca-9a47-f7798997d391,Shirt,3,24.47
2026-08-04T02:48:47Z,080b39bc-bede-4f0c-8086-8a02078fcf7a,Hat,1,24.28
2026-08-04T02:48:47Z,080b39bc-bede-4f0c-8086-8a02078fcf7a,Pants,3,42.25
2026-08-04T02:48:47Z,080b39bc-bede-4f0c-8086-8a02078fcf7a,Shirt,3,29.10
2026-08-04T03:02:00Z,37110b74-2989-428b-ad1d-7cabdd9b2668,Pants,3,42.62
2026-08-04T03:02:00Z,37110b74-2989-428b-ad1d-7cabdd9b2668,Shirt,2,23.18
2026-08-04T03:02:00Z,37110b74-2989-428b-ad1d-7cabdd9b2668,Hat,2,16.61
2026-08-04T06:42:40Z,04a0a06a-3991-4bc4-98fe-44ee9bd1901a,Pants,1,45.61
2026-08-04T08:26:24Z,841b9b06-4eda-49d2-8935-58fabe05eb2c,Pants,1,45.83
2026-08-04T08:26:24Z,841b9b06-4eda-49d2-8935-58fabe05eb2c,Shirt,1,25.84
2026-08-04T16:14:11Z,3da5662a-17f6-436f-a0ca-d378d1a6dc2d,Hat,4,20.43
2026-08-04T16:14:11Z,3da5662a-17f6-436f-a0ca-d378d1a6dc2d,Pants,2,37.30
2026-08-04T16:14:11Z,3da5662a-17f6-436f-a0ca-d378d1a6dc2d,Shirt,3,33.25
2026-08-04T19:33:30Z,235236b7-5980-4402-ad45-28f62e161be7,Pants,4,51.72
2026-08-04T19:33:30Z,235236b7-5980-4402-ad45-28f62e161be7,Hat,2,17.40
2026-08-04T19:33:30Z,235236b7-5980-4402-ad45-28f62e161be7,Shirt,3,34.38
2026-08-04T21:51:36Z,6fa3afb8-1ac2-40ee-8bae-dbbdaff57f09,Pants,1,46.53
2026-08-04T23:18:01Z,ab8c1032-797f-48ee-b41b-56b3c2b01f51,Shirt,2,20.66
2026-08-04T23:18:01Z,ab8c1032-797f-48ee-b41b-56b3c2b01f51,Pants,1,43.01
2026-08-04T23:18:01Z,ab8c1032-797f-48ee-b41b-56b3c2b01f51,Hat,2,24.48
2026-08-04T23:49:27Z,f8cff8f4-ed90-421e-a7cd-d80b0b4b49a8,Hat,3,19.59
2026-08-04T23:49:27Z,f8cff8f4-ed90-421e-a7cd-d80b0b4b49a8,Pants,1,35.95
2026-08-04T23:49:27Z,f8cff8f4-ed90-421e-a7cd-d80b0b4b49a8,Shirt,3,20.81
2026-08-05T02:16:23Z,a6b1a6ed-43d4-4962-906a-d166e73e7c69,Hat,3,21.69
2026-08-05T08:46:56Z,453dc0cd-056d-4e34-a944-bffa88fc8782,Hat,1,23.50
2026-08-05T08:46:56Z,453dc0cd-056d-4e34-a944-bffa88fc8782,Pants,4,55.32
2026-08-05T08:46:56Z,453dc0cd-056d-4e34-a944-bffa88fc8782,Shirt,2,31.54
2026-08-05T11:08:43Z,32950871-c2b4-4c5f-be8c-b61ed2fc5779,Shirt,3,26.68
2026-08-05T11:08:43Z,32950871-c2b4-4c5f-be8c-b61ed2fc5779,Pants,1,47.17
2026-08-05T11:08:43Z,32950871-c2b4-4c5f-be8c-b61ed2fc5779,Hat,1,16.76
2026-08-05T12:23:32Z,e2b5d876-250f-4509-bf38-d5ebae30966d,Pants,2,40.97
2026-08-05T17:30:41Z,a5f495bb-71ef-4d1c-a969-b3abc74198ee,Shirt,3,25.89
2026-08-05T18:36:42Z,0c52d05c-348b-4a2a-98b5-3a12d0779138,Pants,3,53.30
2026-08-05T19:42:19Z,688ca110-4f90-4a7b-a9c3-a3dae7c1f0e0,Pants,4,55.19
2026-08-05T19:42:19Z,688ca110-4f90-4a7b-a9c3-a3dae7c1f0e0,Hat,3,16.69
2026-08-05T19:42:19Z,688ca110-4f90-4a7b-a9c3-a3dae7c1f0e0,Shirt,2,23.69
2026-08-05T23:37:31Z,d249caf5-ee79-495e-9050-0270cecb7b12,Shirt,2,30.07
2026-08-05T23:37:31Z,d249caf5-ee79-495e-9050-0270cecb7b12,Hat,1,16.00
2026-08-06T01:41:20Z,9977d29c-80fc-4fda-84ae-c41215da6b37,Pants,3,59.21
2026-08-06T04:11:10Z,e1e1e9c7-a2c2-4c77-9dc4-a3ebadbdafe2,Pants,4,51.53
2026-08-06T04:11:10Z,e1e1e9c7-a2c2-4c77-9dc4-a3ebadbdafe2,Hat,1,23.11
2026-08-06T05:24:41Z,b7fec85f-7ce2-45c2-af68-4373ce3b0ef0,Shirt,4,27.75
2026-08-06T05:24:41Z,b7fec85f-7ce2-45c2-af68-4373ce3b0ef0,Hat,2,24.73
2026-08-06T11:31:50Z,80c24749-98f4-4929-8219-72adf5f470c0,Pants,2,47.55
2026-08-06T11:31:50Z,80c24749-98f4-4929-8219-72adf5f470c0,Hat,2,19.40
2026-08-06T18:10:41Z,f8ab0131-82fe-406a-bd8e-7fc881291864,Hat,2,15.43
2026-08-06T18:10:41Z,f8ab0131-82fe-406a-bd8e-7fc881291864,Pants,1,38.37
2026-08-07T14:38:37Z,0aa886a1-6f6f-409b-a816-7e1c989fd897,Hat,2,18.78
2026-08-07T16:25:38Z,09cc305b-bc2d-4dd9-8f9e-ec9dc3b6121c,Pants,2,58.68
2026-08-07T16:25:38Z,09cc305b-bc2d-4dd9-8f9e-ec9dc3b6121c,Hat,4,19.49
2026-08-07T16:25:38Z,09cc305b-bc2d-4dd9-8f9e-ec9dc3b6121c,Shirt,2,33.01
2026-08-07T16:43:26Z,6e6dc9e0-c670-42f9-948a-0460d57396b4,Pants,4,37.41
2026-08-07T17:32:48Z,d2745164-af44-4a2e-8f0b-fc4c54a4c90e,Hat,2,19.82
2026-08-07T18:52:49Z,fa70c559-47f6-4a8a-8d0c-6c9f724232e3,Pants,3,51.49
2026-08-07T21:41:27Z,9f4009da-d04a-4ef8-ab49-378089b9d78f,Shirt,4,30.46
2026-08-07T21:41:27Z,9f4009da-d04a-4ef8-ab49-378089b9d78f,Pants,4,40.74
2026-08-07T21:41:27Z,9f4009da-d04a-4ef8-ab49-378089b9d78f,Hat,4,22.90
2026-08-07T22:36:06Z,21e873e4-5c02-4c08-b1eb-7f9120d20aa8,Hat,2,19.77
2026-08-07T22:36:06Z,21e873e4-5c02-4c08-b1eb-7f9120d20aa8,Shirt,1,33.65
2026-08-08T02:38:02Z,e3b33b75-aaef-4608-85a8-17abb44893ee,Shirt,1,30.67
2026-08-08T02:38:02Z,e3b33b75-aaef-4608-85a8-17abb44893ee,Pants,2,58.64
2026-08-08T02:38:02Z,e3b33b75-aaef-4608-85a8-17abb44893ee,Hat,4,21.40
2026-08-08T05:06:13Z,9ea551c6-040c-44b7-be2b-288b022fff72,Shirt,1,22.41
2026-08-08T05:06:13Z,9ea551c6-040c-44b7-be2b-288b022fff72,Pants,2,55.11
2026-08-08T05:06:13Z,9ea551c6-040c-44b7-be2b-288b022fff72,Hat,4,19.72
2026-08-08T05:26:32Z,70309994-ca06-4501-b7b9-ec25a2dd735d,Pants,3,36.81
2026-08-08T06:00:45Z,b2a714ca-5288-4433-8601-80f0f7e5353f,Hat,2,18.75
2026-08-08T06:00:45Z,b2a714ca-5288-4433-8601-80f0f7e5353f,Pants,3,52.19
2026-08-08T06:00:45Z,b2a714ca-5288-4433-8601-80f0f7e5353f,Shirt,1,26.13
2026-08-08T06:33:00Z,e32a3776-80ee-485b-90da-b4a324155a78,Pants,3,48.74
2026-08-08T06:33:00Z,e32a3776-80ee-485b-90da-b4a324155a78,Hat,3,18.47
2026-08-08T06:33:00Z,e32a3776-80ee-485b-90da-b4a324155a78,Shirt,2,23.39
2026-08-08T07:41:00Z,5bb19261-630f-48e4-8a50-956491f65c71,Hat,4,24.97
2026-08-08T08:54:34Z,dcc16ee7-ecce-464e-9a3f-a7546c6892bd,Pants,4,50.30
2026-08-08T08:54:34Z,dcc16ee7-ecce-464e-9a3f-a7546c6892bd,Shirt,4,31.32
2026-08-08T16:18:12Z,96bbd46a-e934-4db0-8911-77fad3449514,Pants,2,47.76
2026-08-08T17:35:30Z,7ab33898-3966-446b-a933-fbe5f981c47d,Shirt,4,31.61
2026-08-08T17:35:30Z,7ab33898-3966-446b-a933-fbe5f981c47d,Pants,1,53.39
2026-08-09T03:58:05Z,3ff31cdd-671c-4277-bc2e-7ece58d987d4,Pants,1,54.11
2026-08-09T03:58:05Z,3ff31cdd-671c-4277-bc2e-7ece58d987d4,Shirt,3,32.72
2026-08-09T03:58:05Z,3ff31cdd-671c-4277-bc2e-7ece58d987d4,Hat,4,21.21
2026-08-09T06:24:37Z,9df6d650-3800-4939-9c6f-42cb61548cbf,Shirt,3,25.42
2026-08-09T08:11:47Z,ba5b40e1-10b8-4ca0-be0e-c3f79fe32bc9,Hat,2,17.35
2026-08-09T08:11:47Z,ba5b40e1-10b8-4ca0-be0e-c3f79fe32bc9,Shirt,2,33.09
2026-08-09T08:11:47Z,ba5b40e1-10b8-4ca0-be0e-c3f79fe32bc9,Pants,2,40.73
2026-08-09T12:55:43Z,8463915e-7430-4b46-ae68-b04c39706f3c,Shirt,4,34.65
2026-08-09T15:39:21Z,b11a1a78-079f-4a7d-8c0b-cff0c55d7087,Hat,4,19.24
2026-08-09T15:39:21Z,b11a1a78-079f-4a7d-8c0b-cff0c55d7087,Shirt,3,30.51
2026-08-09T16:17:25Z,e37160ed-f10c-4eda-ba8a-54c24e6f23f5,Pants,4,38.21
2026-08-09T17:52:50Z,c84ca1e3-3ba6-4060-82ab-712e9ea68a8d,Shirt,2,28.45
2026-08-09T17:52:50Z,c84ca1e3-3ba6-4060-82ab-712e9ea68a8d,Pants,4,53.94
2026-08-09T17:52:50Z,c84ca1e3-3ba6-4060-82ab-712e9ea68a8d,Hat,1,21.82
2026-08-09T20:50:14Z,d750de68-b44d-4f9e-9644-6e453b7d4d57,Pants,3,45.31
2026-08-09T20:50:14Z,d750de68-b44d-4f9e-9644-6e453b7d4d57,Hat,1,20.17
2026-08-09T20:50:14Z,d750de68-b44d-4f9e-9644-6e453b7d4d57,Shirt,3,30.51
2026-08-09T23:52:21Z,462f71c6-ba54-4061-94bf-c2f207bf3598,Pants,4,58.28
2026-08-10T04:19:00Z,024c9ba4-3f0e-4835-a4f8-65aa0104543f,Pants,2,55.38
2026-08-10T04:36:43Z,0e741e67-8815-4ec2-a946-694b74c86b2e,Hat,2,22.21
2026-08-10T04:51:47Z,477a9d5b-7c89-4b49-9e69-455ba2129bf1,Shirt,2,32.09
2026-08-10T04:55:10Z,b4d4acf3-7c99-4337-92ad-08f39c0c196e,Shirt,1,32.73
2026-08-10T04:55:10Z,b4d4acf3-7c99-4337-92ad-08f39c0c196e,Pants,3,36.98
2026-08-10T04:55:10Z,b4d4acf3-7c99-4337-92ad-08f39c0c196e,Hat,3,17.28
2026-08-10T05:49:18Z,c3d228be-32f4-4728-8dd9-a9957a946704,Shirt,4,31.62
2026-08-10T05:49:18Z,c3d228be-32f4-4728-8dd9-a9957a946704,Pants,4,57.24
2026-08-10T10:16:23Z,2e6dcbaa-0089-490a-b71b-f801f85bff72,Pants,4,43.60
2026-08-10T10:16:23Z,2e6dcbaa-0089-490a-b71b-f801f85bff72,Shirt,2,21.82
2026-08-10T10:55:30Z,7d442eba-c1a3-4370-9a72-884317d1d926,Pants,2,48.71
2026-08-10T10:55:30Z,7d442eba-c1a3-4370-9a72-884317d1d926,Shirt,2,34.54
2026-08-10T14:40:08Z,3c88f995-1580-4638-b1e4-9c923321a9d6,Pants,1,55.96
2026-08-10T17:03:01Z,dac1dea0-d55a-457d-aae6-9c747d1e8f00,Pants,2,37.60
2026-08-10T17:03:01Z,dac1dea0-d55a-457d-aae6-9c747d1e8f00,Hat,4,15.84
2026-08-10T20:25:17Z,fea68136-ac9c-4894-9c43-d28ba0bdedc0,Shirt,2,26.21
2026-08-10T20:25:17Z,fea68136-ac9c-4894-9c43-d28ba0bdedc0,Pants,2,56.36
2026-08-10T20:33:34Z,499b5f06-b349-498f-a078-43135a6d751d,Shirt,1,23.76
2026-08-10T20:33:34Z,499b5f06-b349-498f-a078-43135a6d751d,Pants,2,44.96
2026-08-10T20:33:34Z,499b5f06-b349-498f-a078-43135a6d751d,Hat,3,15.60
2026-08-10T20:56:36Z,0ca3421b-5cbf-40f4-b9fa-66abcefa0a06,Pants,4,57.72
2026-08-10T20:56:36Z,0ca3421b-5cbf-40f4-b9fa-66abcefa0a06,Shirt,1,28.10
2026-08-10T22:59:31Z,ac64bcf1-c6b5-4cea-b92d-a9a5e930127f,Shirt,3,31.49
2026-08-10T22:59:31Z,ac64bcf1-c6b5-4cea-b92d-a9a5e930127f,Hat,1,20.97
2026-08-10T23:44:47Z,70cda287-5957-4e6f-8eba-a7194dc0f639,Hat,1,16.67
2026-08-11T00:10:50Z,f329a1d2-3d6f-424f-a8c2-87889a7b05cc,Pants,2,44.90
2026-08-11T00:10:50Z,f329a1d2-3d6f-424f-a8c2-87889a7b05cc,Hat,1,15.09
2026-08-11T04:23:49Z,d9a86f60-eca4-45bf-aabd-56a56fc419c2,Hat,1,16.58
2026-08-11T08:44:39Z,af1c5e43-59b2-4b2b-9b0b-3e1efe74208c,Hat,1,15.19
2026-08-11T08:44:39Z,af1c5e43-59b2-4b2b-9b0b-3e1efe74208c,Shirt,1,34.55
2026-08-11T11:51:57Z,4afd75c3-0260-470e-bf51-e8943140fa53,Pants,4,35.53
2026-08-11T11:51:57Z,4afd75c3-0260-470e-bf51-e8943140fa53,Hat,2,18.58
2026-08-11T12:53:00Z,62a8db44-5bd9-45bb-bdc3-27a6ec48d077,Pants,4,41.22
2026-08-11T13:25:15Z,c58f455a-837a-4519-a24d-85ac63e306a2,Pants,4,53.43
2026-08-11T15:23:29Z,20ecf26f-17a8-4f0e-9a8d-42b5f5e7e9de,Hat,2,23.44
2026-08-11T15:23:29Z,20ecf26f-17a8-4f0e-9a8d-42b5f5e7e9de,Shirt,4,20.84
2026-08-11T15:23:29Z,20ecf26f-17a8-4f0e-9a8d-42b5f5e7e9de,Pants,4,36.78
2026-08-11T15:40:19Z,0368147f-e302-4b72-88c6-59b5ed966f27,Shirt,2,33.31
2026-08-11T17:18:34Z,4b3614ee-31a0-4276-b977-966b8255856f,Shirt,3,28.15
2026-08-11T17:18:34Z,4b3614ee-31a0-4276-b977-966b8255856f,Hat,3,22.32
2026-08-11T17:18:34Z,4b3614ee-31a0-4276-b977-966b8255856f,Pants,2,56.69
2026-08-11T20:03:03Z,333e6965-2664-43f6-bee3-31a2e652b3f1,Pants,1,52.53
2026-08-11T20:03:03Z,333e6965-2664-43f6-bee3-31a2e652b3f1,Hat,2,16.26
2026-08-11T20:15:33Z,be035410-d184-4f7a-9631-f75cf0b7284c,Pants,3,51.21
2026-08-11T20:15:33Z,be035410-d184-4f7a-9631-f75cf0b7284c,Shirt,1,26.19
2026-08-11T20:15:33Z,be035410-d184-4f7a-9631-f75cf0b7284c,Hat,3,16.82
2026-08-11T22:28:46Z,e1b1e8f1-89c7-4a5c-80ae-c82095b0ab8d,Hat,1,15.90
2026-08-11T23:49:06Z,92e104a4-382a-4386-ac62-80d519362cbb,Pants,3,44.73
2026-08-11T23:49:06Z,92e104a4-382a-4386-ac62-80d519362cbb,Hat,2,24.36
2026-08-11T23:49:06Z,92e104a4-382a-4386-ac62-80d519362cbb,Shirt,1,29.44
2026-08-12T01:36:41Z,7aeb1a21-e598-4da7-a65c-885694b4071f,Pants,3,48.15
2026-08-12T01:36:41Z,7aeb1a21-e598-4da7-a65c-885694b4071f,Shirt,2,20.74
2026-08-12T06:12:33Z,d8f7882c-bce2-48ab-80bb-d1ef3946514c,Hat,3,22.46
2026-08-12T06:12:33Z,d8f7882c-bce2-48ab-80bb-d1ef3946514c,Pants,4,51.86
2026-08-12T06:12:33Z,d8f7882c-bce2-48ab-80bb-d1ef3946514c,Shirt,2,33.24
2026-08-12T06:41:31Z,fd826ecc-4976-461f-8b04-adf9e96817e4,Shirt,1,32.02
2026-08-12T13:52:23Z,bc2675fc-9864-40ee-801f-4dd1c767770f,Hat,3,22.34
2026-08-12T13:52:23Z,bc2675fc-9864-40ee-801f-4dd1c767770f,Shirt,2,21.17
2026-08-12T13:52:23Z,bc2675fc-9864-40ee-801f-4dd1c767770f,Pants,1,59.01
2026-08-12T16:42:04Z,1743646b-b587-4a9a-8cc1-85529ffdbd36,Hat,1,16.79
2026-08-12T17:13:24Z,476ff29a-b9a8-4ed3-b6ad-1601e56e5547,Pants,4,59.04
2026-08-12T17:13:24Z,476ff29a-b9a8-4ed3-b6ad-1601e56e5547,Shirt,1,34.40
2026-08-12T17:13:24Z,476ff29a-b9a8-4ed3-b6ad-1601e56e5547,Hat,3,22.26
2026-08-12T17:23:29Z,57d58304-b4a2-4b91-8ff8-cf918af51a61,Pants,2,47.65
2026-08-12T19:15:20Z,f09c8cb6-017c-4c32-8c72-e0ee7e2c051f,Hat,4,20.24
2026-08-12T19:15:20Z,f09c8cb6-017c-4c32-8c72-e0ee7e2c051f,Shirt,2,31.49
2026-08-12T19:15:20Z,f09c8cb6-017c-4c32-8c72-e0ee7e2c051f,Pants,3,50.33
2026-08-12T21:10:34Z,ebf4d65b-d352-479c-bc9f-65cacff27017,Shirt,3,28.25
2026-08-12T21:10:34Z,ebf4d65b-d352-479c-bc9f-65cacff27017,Pants,4,56.12
2026-08-12T21:10:34Z,ebf4d65b-d352-479c-bc9f-65cacff27017,Hat,4,22.64
2026-08-13T00:19:14Z,34beef0d-ae31-4ce4-83d3-0dec17795c32,Shirt,3,20.33
2026-08-13T00:40:49Z,18abd457-1638-4d2e-9d0a-09f0d749ae7f,Shirt,3,27.87
2026-08-13T00:40:49Z,18abd457-1638-4d2e-9d0a-09f0d749ae7f,Hat,2,20.40
2026-08-13T00:40:49Z,18abd457-1638-4d2e-9d0a-09f0d749ae7f,Pants,2,43.17
2026-08-13T01:58:49Z,f36bf5e0-46de-4268-9098-5157e801462f,Shirt,1,26.25
2026-08-13T01:58:49Z,f36bf5e0-46de-4268-9098-5157e801462f,Pants,2,56.74
2026-08-13T07:16:51Z,336fda9a-d749-4e85-a8e5-e24c4dd9601d,Hat,2,20.69
2026-08-13T07:16:51Z,336fda9a-d749-4e85-a8e5-e24c4dd9601d,Shirt,3,31.01
2026-08-13T10:43:59Z,a6d8fde1-17dd-412f-92c1-f9036b85211f,Hat,3,19.24
2026-08-13T10:43:59Z,a6d8fde1-17dd-412f-92c1-f9036b85211f,Pants,3,39.76
2026-08-13T10:43:59Z,a6d8fde1-17dd-412f-92c1-f9036b85211f,Shirt,1,28.91
2026-08-13T12:28:48Z,473bbdcb-6bbb-4c58-96a9-4b8fb08b634e,Pants,4,45.80
2026-08-13T12:28:48Z,473bbdcb-6bbb-4c58-96a9-4b8fb08b634e,Hat,3,16.48
2026-08-13T12:28:48Z,473bbdcb-6bbb-4c58-96a9-4b8fb08b634e,Shirt,1,21.24
2026-08-13T16:27:49Z,1110266e-b259-4044-b143-e095d12897f7,Hat,4,20.59
2026-08-13T16:27:49Z,1110266e-b259-4044-b143-e095d12897f7,Pants,2,44.88
2026-08-13T16:27:49Z,1110266e-b259-4044-b143-e095d12897f7,Shirt,2,28.42
2026-08-13T18:09:06Z,f09f066d-c1e8-4347-a9b2-8f02692a1f41,Shirt,2,25.33
2026-08-13T22:44:36Z,52a44f1d-512c-4fbf-af4f-6745d249791c,Pants,1,51.06
2026-08-14T00:35:17Z,35a5ab1c-e124-4085-b22f-57d0ff36f0a0,Hat,4,18.42
2026-08-14T02:24:42Z,3d0fbb92-7000-4007-a42f-b19c88aeb876,Pants,1,56.61
2026-08-14T02:24:42Z,3d0fbb92-7000-4007-a42f-b19c88aeb876,Shirt,4,24.39
2026-08-14T03:57:20Z,bb7cc036-88f0-4321-8d3c-cb3ce2ec4f23,Pants,4,39.66
2026-08-14T03:57:20Z,bb7cc036-88f0-4321-8d3c-cb3ce2ec4f23,Hat,1,20.61
2026-08-14T04:37:34Z,7474a7e2-e13b-44aa-aeba-9ea30649b2c5,Hat,2,21.89
2026-08-14T04:37:34Z,7474a7e2-e13b-44aa-aeba-9ea30649b2c5,Pants,2,45.75
2026-08-14T04:37:34Z,7474a7e2-e13b-44aa-aeba-9ea30649b2c5,Shirt,2,29.84
2026-08-14T07:14:43Z,979683b4-2152-49c4-85e1-c76d91172dee,Shirt,4,21.19
2026-08-14T10:31:25Z,2154674e-075e-4d02-89f2-f804ccc7927a,Hat,3,21.84
2026-08-14T10:31:25Z,2154674e-075e-4d02-89f2-f804ccc7927a,Pants,2,50.63
2026-08-14T10:31:25Z,2154674e-075e-4d02-89f2-f804ccc7927a,Shirt,3,34.94
2026-08-14T16:43:39Z,8fa76d58-b2ae-4821-8fd7-2568a44fa1b7,Pants,2,41.01
2026-08-14T16:43:39Z,8fa76d58-b2ae-4821-8fd7-2568a44fa1b7,Hat,3,19.26
2026-08-14T16:43:39Z,8fa76d58-b2ae-4821-8fd7-2568a44fa1b7,Shirt,3,33.65
2026-08-14T16:48:16Z,9537a8aa-40c7-486c-8688-28313bb7a15a,Shirt,1,25.65
2026-08-14T16:48:16Z,9537a8aa-40c7-486c-8688-28313bb7a15a,Hat,1,17.55
2026-08-14T16:48:16Z,9537a8aa-40c7-486c-8688-28313bb7a15a,Pants,3,42.10
2026-08-14T19:09:28Z,f819018a-bfcb-47a5-889e-6c532f9a3bf4,Hat,3,17.00
2026-08-14T20:59:47Z,a3c7ee2c-513e-4a37-9816-118184c27c0c,Hat,2,16.07
2026-08-14T20:59:47Z,a3c7ee2c-513e-4a37-9816-118184c27c0c,Pants,3,35.65
2026-08-14T23:03:15Z,df580581-8181-4629-a5eb-3ae80bc9d832,Hat,1,18.43
2026-08-14T23:03:15Z,df580581-8181-4629-a5eb-3ae80bc9d832,Shirt,4,24.58
2026-08-14T23:03:15Z,df580581-8181-4629-a5eb-3ae80bc9d832,Pants,2,35.57
2026-08-14T23:07:11Z,87985aad-5c74-4fcf-a635-5a0dca907459,Hat,4,22.65
2026-08-14T23:07:11Z,87985aad-5c74-4fcf-a635-5a0dca907459,Pants,3,59.03
2026-08-15T00:29:31Z,d37d4752-4289-40dd-b71b-c42c6a37cc07,Pants,4,50.20
2026-08-15T00:29:31Z,d37d4752-4289-40dd-b71b-c42c6a37cc07,Hat,4,17.38
2026-08-15T01:26:19Z,198aac62-c759-4407-b25b-4ffee30a63e5,Pants,2,42.22
2026-08-15T01:26:19Z,198aac62-c759-4407-b25b-4ffee30a63e5,Shirt,2,21.76
2026-08-15T05:29:37Z,b0045dec-450f-4fbb-934c-a254b52bdbb7,Hat,2,17.50
2026-08-15T05:29:37Z,b0045dec-450f-4fbb-934c-a254b52bdbb7,Shirt,1,30.78
2026-08-15T05:29:37Z,b0045dec-450f-4fbb-934c-a254b52bdbb7,Pants,4,37.28
2026-08-15T10:58:05Z,a0db734f-6982-417e-87e8-fd6342c1584f,Hat,2,19.17
2026-08-15T11:11:54Z,aaa8e570-164d-4d02-9d4e-1a946498b400,Shirt,2,22.06
2026-08-15T11:11:54Z,aaa8e570-164d-4d02-9d4e-1a946498b400,Pants,4,40.66
2026-08-15T12:46:50Z,c264dab7-3766-4e26-bdc7-fb6216974812,Pants,1,48.76
2026-08-15T12:46:50Z,c264dab7-3766-4e26-bdc7-fb6216974812,Hat,3,22.68
2026-08-15T12:46:50Z,c264dab7-3766-4e26-bdc7-fb6216974812,Shirt,2,28.48
2026-08-15T13:53:35Z,663dc655-a336-4095-b20f-2b4eb7dd36bb,Shirt,1,27.06
2026-08-15T14:56:15Z,f4e285b8-f8a9-415c-99e6-4e9dc9709e17,Shirt,4,29.12
2026-08-15T14:56:15Z,f4e285b8-f8a9-415c-99e6-4e9dc9709e17,Hat,4,22.20
2026-08-15T16:13:44Z,d439787d-b9ca-45a5-b515-7809cfcf889b,Pants,1,36.45
2026-08-15T16:41:56Z,657e1e70-43b1-469d-bbd8-01cb594febc9,Hat,1,19.57
2026-08-15T16:41:56Z,657e1e70-43b1-469d-bbd8-01cb594febc9,Pants,2,56.94
2026-08-15T16:41:56Z,657e1e70-43b1-469d-bbd8-01cb594febc9,Shirt,4,27.78
2026-08-15T16:57:09Z,971b2ec0-bc5c-4178-af63-e1d8da093d6d,Pants,1,37.26
2026-08-15T16:57:09Z,971b2ec0-bc5c-4178-af63-e1d8da093d6d,Shirt,2,22.70
2026-08-15T19:00:15Z,c84f2f86-5ef2-4f54-83f6-76613004a98f,Shirt,1,22.77
2026-08-15T19:00:15Z,c84f2f86-5ef2-4f54-83f6-76613004a98f,Hat,1,21.53
2026-08-15T19:00:15Z,c84f2f86-5ef2-4f54-83f6-76613004a98f,Pants,1,38.63
2026-08-15T20:03:12Z,a05d1b7f-4cdf-45dd-a8a2-a93f5e654ec0,Shirt,3,33.27
2026-08-15T20:03:12Z,a05d1b7f-4cdf-45dd-a8a2-a93f5e654ec0,Pants,4,46.53
2026-08-15T21:12:48Z,a99e2307-0cb0-48a5-97dd-c7b0b9951c0c,Hat,4,16.77
2026-08-15T22:44:38Z,d6757efa-efbf-4c35-8c0d-38d3af9b3f56,Pants,3,53.73
2026-08-15T22:44:38Z,d6757efa-efbf-4c35-8c0d-38d3af9b3f56,Hat,1,24.31
2026-08-15T22:44:38Z,d6757efa-efbf-4c35-8c0d-38d3af9b3f56,Shirt,3,31.53
2026-08-16T05:07:23Z,113e529f-79f6-45cd-9cea-c558741a89ba,Hat,4,24.13
2026-08-16T05:12:21Z,5c21962f-dec1-4bb7-9750-37204fd23c1a,Pants,1,57.90
2026-08-16T05:12:21Z,5c21962f-dec1-4bb7-9750-37204fd23c1a,Shirt,4,29.68
2026-08-16T10:49:00Z,99c2febb-ce21-42bf-8855-47ab3d3621f5,Pants,4,43.33
2026-08-16T13:26:02Z,c100f358-4199-49e0-91e1-dd02e4964bd8,Shirt,2,20.17
2026-08-16T13:26:02Z,c100f358-4199-49e0-91e1-dd02e4964bd8,Hat,3,21.90
2026-08-16T13:38:54Z,3d5ce050-cd2c-4fbc-9f83-a0e8a1d5ce57,Shirt,4,33.91
2026-08-16T13:38:54Z,3d5ce050-cd2c-4fbc-9f83-a0e8a1d5ce57,Pants,4,47.99
2026-08-16T17:57:21Z,fcb8c26f-9d2b-493c-9786-50cc34583f7c,Shirt,3,32.53
2026-08-16T17:57:21Z,fcb8c26f-9d2b-493c-9786-50cc34583f7c,Hat,3,20.65
2026-08-16T19:24:11Z,e0f55679-172f-4dbc-b0e5-80cd16bd50db,Hat,3,22.10
2026-08-16T19:24:11Z,e0f55679-172f-4dbc-b0e5-80cd16bd50db,Shirt,4,26.21
2026-08-16T19:24:11Z,e0f55679-172f-4dbc-b0e5-80cd16bd50db,Pants,3,56.93
2026-08-16T21:21:51Z,2e6b4e3f-e8c9-4532-aaf5-eaced56b1a19,Hat,1,17.80
2026-08-16T21:21:51Z,2e6b4e3f-e8c9-4532-aaf5-eaced56b1a19,Pants,4,43.48
2026-08-16T22:18:12Z,96d04e28-f6b6-4dbd-bd4a-8bd2e8849771,Hat,1,15.24
2026-08-17T01:29:24Z,f346caed-9132-4908-a37d-3829b479e80a,Pants,1,42.77
2026-08-17T01:29:24Z,f346caed-9132-4908-a37d-3829b479e80a,Hat,1,21.87
2026-08-17T01:29:24Z,f346caed-9132-4908-a37d-3829b479e80a,Shirt,1,25.00
2026-08-17T04:12:21Z,2ffe4f64-3eda-4e6d-bcc1-d37d4cb834d1,Pants,2,54.39
2026-08-17T04:12:21Z,2ffe4f64-3eda-4e6d-bcc1-d37d4cb834d1,Shirt,1,31.54
2026-08-17T05:17:07Z,647bc8fc-d61e-4e29-80cb-598113f241ca,Pants,1,48.99
2026-08-17T08:09:45Z,8358c491-eda1-4491-8bb7-77a77d2eb9a6,Pants,3,39.28
2026-08-17T08:09:45Z,8358c491-eda1-4491-8bb7-77a77d2eb9a6,Hat,3,21.13
2026-08-17T09:01:36Z,3c8336ac-fcc6-4dda-9ef8-08b2a6d64feb,Pants,2,43.02
2026-08-17T09:01:36Z,3c8336ac-fcc6-4dda-9ef8-08b2a6d64feb,Hat,3,17.87
2026-08-17T15:24:04Z,6d0ceb25-ab55-4996-b6c8-a5a63c5e27f2,Hat,4,22.84
2026-08-17T15:24:04Z,6d0ceb25-ab55-4996-b6c8-a5a63c5e27f2,Shirt,3,28.51
2026-08-17T15:57:43Z,22a2fe3c-fad4-4b37-be55-c96a3e62d72f,Hat,1,18.84
2026-08-17T18:40:53Z,4ae3cef7-35f2-4ec7-bd3e-b9b47b30b94e,Pants,2,42.81
2026-08-17T18:40:53Z,4ae3cef7-35f2-4ec7-bd3e-b9b47b30b94e,Shirt,1,30.69
2026-08-17T18:40:53Z,4ae3cef7-35f2-4ec7-bd3e-b9b47b30b94e,Hat,4,24.74
2026-08-17T19:36:08Z,b1bb9ee4-5959-4f00-a20c-5f5749a6a3bb,Hat,1,18.26
2026-08-17T19:36:08Z,b1bb9ee4-5959-4f00-a20c-5f5749a6a3bb,Shirt,4,31.89
2026-08-17T19:36:08Z,b1bb9ee4-5959-4f00-a20c-5f5749a6a3bb,Pants,4,45.02
2026-08-17T21:04:47Z,fe28f75c-6990-412c-9ffe-88ae4246f392,Pants,4,49.80
2026-08-17T21:04:47Z,fe28f75c-6990-412c-9ffe-88ae4246f392,Shirt,1,24.88
2026-08-17T21:04:47Z,fe28f75c-6990-412c-9ffe-88ae4246f392,Hat,2,23.22
2026-08-17T21:21:50Z,222cd9a8-18c0-4925-841b-c0fb7dd4bb9d,Shirt,4,20.45
2026-08-17T21:21:50Z,222cd9a8-18c0-4925-841b-c0fb7dd4bb9d,Pants,4,37.82
2026-08-17T21:52:38Z,ad872b2e-2365-414b-8956-80937015a398,Shirt,1,29.67
2026-08-17T21:52:38Z,ad872b2e-2365-414b-8956-80937015a398,Pants,2,37.26
2026-08-17T22:29:06Z,a089debb-61b1-4728-8939-736944f96f48,Shirt,2,27.06
2026-08-17T22:29:06Z,a089debb-61b1-4728-8939-736944f96f48,Pants,3,38.59
2026-08-18T04:05:08Z,832f5655-51f6-44c3-90ba-2122ed039ab1,Shirt,4,29.35
2026-08-18T04:05:08Z,832f5655-51f6-44c3-90ba-2122ed039ab1,Pants,4,47.74
2026-08-18T04:05:08Z,832f5655-51f6-44c3-90ba-2122ed039ab1,Hat,2,18.85
2026-08-18T11:07:55Z,6a3cfdbe-7806-438d-a4aa-ee6040e88d01,Hat,4,19.32
2026-08-18T11:07:55Z,6a3cfdbe-7806-438d-a4aa-ee6040e88d01,Pants,4,50.63
2026-08-18T15:54:46Z,5f4e3c88-68b9-4c6b-afeb-ce5d9cd784af,Pants,4,47.54
2026-08-18T19:32:25Z,fc5e913d-6eed-4c12-b282-fbd31cdcf25a,Shirt,1,20.94
2026-08-18T21:08:08Z,5dc55886-4863-4276-938c-f9c33773fdfa,Hat,2,21.48
2026-08-18T21:09:28Z,7cdde37b-04e6-4aa6-9964-9e4cb3e7190a,Shirt,3,22.93
2026-08-18T21:09:28Z,7cdde37b-04e6-4aa6-9964-9e4cb3e7190a,Pants,3,42.49
2026-08-18T21:09:28Z,7cdde37b-04e6-4aa6-9964-9e4cb3e7190a,Hat,4,24.19
2026-08-18T21:11:30Z,3f96a298-2be5-414b-99a6-438a694b0c4b,Hat,3,20.55
2026-08-19T08:16:08Z,f6be2f40-1b02-4b54-ba89-10168ea5606c,Shirt,1,20.21
2026-08-19T08:16:08Z,f6be2f40-1b02-4b54-ba89-10168ea5606c,Pants,2,50.10
2026-08-19T08:16:08Z,f6be2f40-1b02-4b54-ba89-10168ea5606c,Hat,3,21.59
2026-08-19T15:36:46Z,2be03fdc-edd6-4bb7-bc73-17f852279200,Shirt,3,34.41
2026-08-19T15:36:46Z,2be03fdc-edd6-4bb7-bc73-17f852279200,Pants,1,42.23
2026-08-19T18:16:03Z,7747053e-3d83-4c99-9b1c-188b833502b4,Shirt,3,29.84
2026-08-19T18:16:03Z,7747053e-3d83-4c99-9b1c-188b833502b4,Hat,1,23.09
2026-08-19T18:16:03Z,7747053e-3d83-4c99-9b1c-188b833502b4,Pants,1,42.17
2026-08-19T18:30:45Z,6e278afe-0577-4c6a-b280-4d58e2f19181,Hat,1,24.62
2026-08-19T18:30:45Z,6e278afe-0577-4c6a-b280-4d58e2f19181,Shirt,3,22.13
2026-08-19T19:05:15Z,b97e4026-227d-47a2-be69-6d3af3eb383e,Pants,3,52.10
2026-08-19T19:05:15Z,b97e4026-227d-47a2-be69-6d3af3eb383e,Hat,3,21.13
2026-08-20T01:41:16Z,c7f5fb51-bf00-4c54-8d8d-b63f0d2d238e,Hat,4,16.68
2026-08-20T03:09:34Z,ed8c58ad-29ac-4103-a07a-7eb20457cf16,Hat,3,24.13
2026-08-20T03:09:34Z,ed8c58ad-29ac-4103-a07a-7eb20457cf16,Pants,1,37.58
2026-08-20T05:51:33Z,c412eb6a-8fef-4962-8fcc-33c38de503bc,Shirt,2,34.76
2026-08-20T08:52:16Z,5a9deba8-03fa-4606-8b45-1a913ffe4506,Shirt,2,21.04
2026-08-20T13:49:24Z,11dbda65-901b-4427-b62b-6a946084b870,Pants,2,46.00
2026-08-20T17:14:24Z,255ef12f-1b45-48d7-8332-a454c1402d22,Pants,4,41.57
2026-08-20T17:14:24Z,255ef12f-1b45-48d7-8332-a454c1402d22,Shirt,4,20.18
2026-08-20T17:14:24Z,255ef12f-1b45-48d7-8332-a454c1402d22,Hat,3,18.82
2026-08-20T17:40:22Z,8e17508f-928a-4c42-9ead-5ef9e898c3c1,Pants,3,43.37
2026-08-20T17:40:22Z,8e17508f-928a-4c42-9ead-5ef9e898c3c1,Shirt,3,32.03
2026-08-20T19:42:57Z,61596dc1-1257-44cc-921f-8408ac5be164,Pants,1,50.95
2026-08-20T20:29:59Z,1fe89604-f54c-4ff2-ab04-5c2d75e21ba0,Shirt,1,23.86
2026-08-20T20:29:59Z,1fe89604-f54c-4ff2-ab04-5c2d75e21ba0,Pants,1,41.93
2026-08-20T20:36:51Z,4d8ece4f-cba0-4f4b-a2d2-f454f8e86266,Hat,3,21.96
2026-08-20T21:28:22Z,f80881ec-984c-4604-9144-1f7579499221,Pants,2,42.08
2026-08-20T21:47:15Z,125146b0-905b-449c-8348-2d0ad6bccf83,Pants,2,51.94
2026-08-20T21:47:15Z,125146b0-905b-449c-8348-2d0ad6bccf83,Hat,1,18.13
2026-08-20T21:47:15Z,125146b0-905b-449c-8348-2d0ad6bccf83,Shirt,1,30.09
2026-08-21T00:00:11Z,2fd9570b-0767-4a8b-b110-aa366b49ffc0,Pants,3,51.29
2026-08-21T00:02:21Z,5cb98eb4-fac2-4c33-9466-85114da76552,Shirt,1,31.82
2026-08-21T00:46:37Z,2c3f7b99-3c22-4e62-b071-408a196bc208,Shirt,3,25.83
2026-08-21T00:57:31Z,2f867c7f-f1b6-4112-9d2f-83016161f23a,Pants,1,51.01
2026-08-21T04:00:11Z,ca8579c4-8348-4ac9-96b4-3c2c1accf0bc,Hat,2,19.56
2026-08-21T04:00:11Z,ca8579c4-8348-4ac9-96b4-3c2c1accf0bc,Shirt,1,32.53
2026-08-21T04:00:11Z,ca8579c4-8348-4ac9-96b4-3c2c1accf0bc,Pants,1,55.45
2026-08-21T04:20:53Z,c2dce820-b992-4354-9991-17f7b794be49,Hat,3,20.93
2026-08-21T07:04:51Z,98c8d64f-8c03-4bcc-abf8-1dd200bf9e66,Shirt,4,25.06
2026-08-21T10:57:25Z,ae80c7fd-15cb-4ac7-9bb2-466ceb67691e,Hat,1,19.36
2026-08-21T10:57:25Z,ae80c7fd-15cb-4ac7-9bb2-466ceb67691e,Shirt,1,28.10
2026-08-21T10:57:25Z,ae80c7fd-15cb-4ac7-9bb2-466ceb67691e,Pants,4,44.61
2026-08-21T11:21:43Z,823ce94a-5207-418a-ae37-d738cc9966a9,Shirt,1,29.48
2026-08-21T11:21:43Z,823ce94a-5207-418a-ae37-d738cc9966a9,Hat,3,18.65
2026-08-21T13:10:44Z,e867e53d-e1f3-4ca8-85a7-25c5f481cd4a,Pants,1,45.97
2026-08-21T13:10:44Z,e867e53d-e1f3-4ca8-85a7-25c5f481cd4a,Hat,4,16.33
2026-08-21T20:12:11Z,5e36c1cd-3601-4f89-b8b9-a10c4adb5f97,Hat,4,17.99
2026-08-21T20:12:11Z,5e36c1cd-3601-4f89-b8b9-a10c4adb5f97,Shirt,3,33.45
2026-08-21T20:12:11Z,5e36c1cd-3601-4f89-b8b9-a10c4adb5f97,Pants,4,47.16
2026-08-21T21:33:29Z,0ef638a7-a92c-4ae3-b442-e38ded9e80fa,Pants,1,58.12
2026-08-21T21:33:29Z,0ef638a7-a92c-4ae3-b442-e38ded9e80fa,Hat,4,22.35
2026-08-21T21:33:29Z,0ef638a7-a92c-4ae3-b442-e38ded9e80fa,Shirt,4,29.81
2026-08-22T01:38:11Z,e920c230-5b82-4cc7-a971-37338d2097dc,Shirt,1,25.22
2026-08-22T01:38:11Z,e920c230-5b82-4cc7-a971-37338d2097dc,Hat,2,20.58
2026-08-22T01:38:11Z,e920c230-5b82-4cc7-a971-37338d2097dc,Pants,1,37.94
2026-08-22T04:58:36Z,74f5ed8c-afb6-4d29-b55a-5297d94bc3da,Shirt,1,34.70
2026-08-22T06:37:30Z,e31644a4-11ef-4607-a8bb-27344d2358b5,Shirt,2,30.95
2026-08-22T06:37:30Z,e31644a4-11ef-4607-a8bb-27344d2358b5,Hat,4,17.48
2026-08-22T13:33:25Z,0e24f249-c324-4195-878f-63285dd8fe7e,Pants,2,46.31
2026-08-22T13:33:25Z,0e24f249-c324-4195-878f-63285dd8fe7e,Hat,1,15.83
2026-08-22T14:02:06Z,2b62636d-abac-435e-a0dd-b3f505c1aca2,Hat,4,22.85
2026-08-22T14:02:06Z,2b62636d-abac-435e-a0dd-b3f505c1aca2,Pants,1,47.87
2026-08-22T14:02:06Z,2b62636d-abac-435e-a0dd-b3f505c1aca2,Shirt,4,33.43
2026-08-22T14:26:10Z,ad8f0b7d-a67a-490b-8697-8f96b27e4824,Hat,2,21.04
2026-08-22T14:26:10Z,ad8f0b7d-a67a-490b-8697-8f96b27e4824,Shirt,2,28.67
2026-08-22T15:37:31Z,49f06a83-93ae-44df-8df0-28b863594fd4,Shirt,4,22.17
2026-08-22T17:32:14Z,700bf7d5-1689-45d5-84bd-706c49bf1443,Pants,2,41.91
2026-08-22T17:32:14Z,700bf7d5-1689-45d5-84bd-706c49bf1443,Hat,2,16.13
2026-08-22T21:59:02Z,8001e3fb-197f-43a3-bcae-760a7f11ef01,Pants,2,44.10
2026-08-22T22:08:13Z,81da653b-b94f-4572-b42c-ba8d6e6f2c7f,Pants,4,41.77
2026-08-22T23:12:40Z,7ad82b24-681a-41ac-b9c8-6ba87f227174,Shirt,1,25.04
2026-08-22T23:12:40Z,7ad82b24-681a-41ac-b9c8-6ba87f227174,Hat,1,21.92
2026-08-22T23:43:57Z,cc18d871-9dce-45cd-b0ab-aa688aacd9ae,Hat,1,18.26
2026-08-22T23:43:57Z,cc18d871-9dce-45cd-b0ab-aa688aacd9ae,Pants,4,40.93
2026-08-23T03:24:23Z,0157f052-818f-4963-b189-e0834f0bbdd3,Pants,2,44.14
2026-08-23T03:24:23Z,0157f052-818f-4963-b189-e0834f0bbdd3,Hat,1,21.48
2026-08-23T06:50:43Z,6f767826-d681-4caf-902f-4a0ee2885a6a,Pants,1,57.02
2026-08-23T08:32:43Z,8afb6173-7b13-449f-b857-5a0161cb100d,Shirt,3,20.95
2026-08-23T08:32:43Z,8afb6173-7b13-449f-b857-5a0161cb100d,Hat,1,19.52
2026-08-23T10:15:34Z,9277a628-8e37-428c-8729-fe47dcebd421,Pants,2,46.96
2026-08-23T11:18:15Z,cf0d4d50-e532-4098-9bcf-9218b410fffd,Hat,2,21.69
2026-08-23T11:18:15Z,cf0d4d50-e532-4098-9bcf-9218b410fffd,Pants,1,52.58
2026-08-23T11:18:15Z,cf0d4d50-e532-4098-9bcf-9218b410fffd,Shirt,4,34.65
2026-08-23T11:40:29Z,ac0bae69-1a00-4d46-bf77-0a197fe25b4c,Pants,3,44.62
2026-08-23T11:40:29Z,ac0bae69-1a00-4d46-bf77-0a197fe25b4c,Hat,3,20.31
2026-08-23T11:40:29Z,ac0bae69-1a00-4d46-bf77-0a197fe25b4c,Shirt,3,26.39
2026-08-23T17:57:18Z,9b387f39-41fb-44e6-a92e-7c5e46aff27b,Pants,1,55.00
2026-08-23T17:57:18Z,9b387f39-41fb-44e6-a92e-7c5e46aff27b,Shirt,4,22.83
2026-08-24T00:47:34Z,4feedd2c-6769-4829-bbba-37b17899336d,Shirt,2,33.44
2026-08-24T00:47:34Z,4feedd2c-6769-4829-bbba-37b17899336d,Pants,4,54.99
2026-08-24T00:47:34Z,4feedd2c-6769-4829-bbba-37b17899336d,Hat,1,18.39
2026-08-24T02:06:10Z,9d3453e0-46c1-4c27-860c-56838f9b4888,Hat,2,19.96
2026-08-24T02:06:10Z,9d3453e0-46c1-4c27-860c-56838f9b4888,Pants,1,48.02
2026-08-24T04:30:22Z,f31c1faf-b5e9-4b06-95cf-b1c3e4fdc9fb,Shirt,1,24.37
2026-08-24T04:30:22Z,f31c1faf-b5e9-4b06-95cf-b1c3e4fdc9fb,Hat,2,15.22
2026-08-24T05:34:19Z,ca3c1810-1805-41be-b0bb-c0532b590c06,Hat,4,19.05
2026-08-24T09:49:54Z,8096a918-9864-45ed-b2c2-25f391c8a58f,Hat,4,18.53
2026-08-24T10:36:08Z,e7a6dcef-c56d-4e76-acbf-75fddd7ea4c0,Shirt,1,22.77
2026-08-24T10:36:08Z,e7a6dcef-c56d-4e76-acbf-75fddd7ea4c0,Pants,3,51.64
2026-08-24T10:41:41Z,0b9be091-9f17-4ecd-9662-b8202f868092,Shirt,2,26.87
2026-08-24T10:41:41Z,0b9be091-9f17-4ecd-9662-b8202f868092,Pants,3,57.46
2026-08-24T17:18:11Z,1af5471a-cd6c-4ef9-bd5f-b3ed5303a52a,Pants,2,52.32
2026-08-24T21:35:07Z,2697cef9-8a98-4b1d-8a30-3bac7991693a,Hat,2,21.18
2026-08-24T21:35:07Z,2697cef9-8a98-4b1d-8a30-3bac7991693a,Shirt,1,26.69
2026-08-25T00:18:22Z,61503c39-7c40-4dbf-bfe2-a3451a700880,Shirt,1,33.11
2026-08-25T00:18:22Z,61503c39-7c40-4dbf-bfe2-a3451a700880,Pants,4,40.39
2026-08-25T05:51:46Z,a5acc2dd-eef1-4326-9c0c-894f3c6d9acd,Pants,1,38.49
2026-08-25T05:51:46Z,a5acc2dd-eef1-4326-9c0c-894f3c6d9acd,Shirt,3,22.15
2026-08-25T06:49:40Z,ae464a14-e9f1-49e7-a777-ad88a5487df9,Hat,2,20.99
2026-08-25T09:53:37Z,571f4713-bb19-432c-9c1e-32205a6aa294,Shirt,1,23.37
2026-08-25T09:53:37Z,571f4713-bb19-432c-9c1e-32205a6aa294,Pants,3,38.85
2026-08-25T10:29:56Z,c64af39a-a864-4f84-bff2-6265d629bb3a,Hat,3,15.53
2026-08-25T10:29:56Z,c64af39a-a864-4f84-bff2-6265d629bb3a,Shirt,3,26.29
2026-08-25T10:29:56Z,c64af39a-a864-4f84-bff2-6265d629bb3a,Pants,3,36.22
2026-08-25T15:26:21Z,163de51a-795f-4af8-b6c8-d072c5349428,Hat,2,17.18
2026-08-25T16:14:50Z,7519d447-b13e-4212-b3f7-05a253ebe280,Hat,4,15.84
2026-08-25T16:14:50Z,7519d447-b13e-4212-b3f7-05a253ebe280,Pants,1,51.93
2026-08-25T16:54:34Z,60f5796d-a126-42ab-a969-149e05a8160d,Pants,1,46.51
2026-08-25T16:54:34Z,60f5796d-a126-42ab-a969-149e05a8160d,Hat,2,16.17
2026-08-25T16:54:34Z,60f5796d-a126-42ab-a969-149e05a8160d,Shirt,4,33.85
2026-08-25T18:30:36Z,11640db5-8862-4062-8b8b-4ef7a884486f,Shirt,1,34.61
2026-08-25T18:30:36Z,11640db5-8862-4062-8b8b-4ef7a884486f,Pants,1,44.33
2026-08-25T18:48:24Z,a3409039-08fc-49b6-b62e-3728589518df,Hat,3,19.09
2026-08-25T18:48:58Z,204ed4e1-c2bd-4345-954e-9ace5adae709,Hat,4,16.86
2026-08-25T19:38:32Z,1bc9b5eb-4016-4cb2-866c-051374721867,Pants,2,44.03
2026-08-25T21:51:19Z,a9eb0e79-6303-40c3-a71f-09840bf0fd4c,Pants,3,37.40
2026-08-25T21:51:19Z,a9eb0e79-6303-40c3-a71f-09840bf0fd4c,Shirt,1,32.35
2026-08-25T21:57:18Z,91fed2ba-7e03-44b4-9210-2baa8abc9144,Hat,2,24.07
2026-08-25T21:57:18Z,91fed2ba-7e03-44b4-9210-2baa8abc9144,Shirt,3,20.43
2026-08-26T00:05:09Z,f559e0d4-ef41-4622-aabd-a0a97022afb6,Shirt,2,22.41
2026-08-26T00:05:09Z,f559e0d4-ef41-4622-aabd-a0a97022afb6,Pants,1,47.62
2026-08-26T00:05:09Z,f559e0d4-ef41-4622-aabd-a0a97022afb6,Hat,1,15.99
2026-08-26T02:19:42Z,84fdf158-e965-4e5f-89fb-640edbabd5a2,Hat,2,22.82
2026-08-26T03:25:28Z,8cc1475f-6baa-4541-a636-110912786726,Pants,4,38.58
2026-08-26T03:25:28Z,8cc1475f-6baa-4541-a636-110912786726,Hat,1,21.95
2026-08-26T03:25:28Z,8cc1475f-6baa-4541-a636-110912786726,Shirt,2,31.12
2026-08-26T04:05:27Z,1d6f7bd3-3d79-4997-b8c6-3dc981ea74d9,Hat,4,22.75
2026-08-26T04:05:27Z,1d6f7bd3-3d79-4997-b8c6-3dc981ea74d9,Pants,1,36.06
2026-08-26T04:05:27Z,1d6f7bd3-3d79-4997-b8c6-3dc981ea74d9,Shirt,1,20.49
2026-08-26T07:40:08Z,e335f177-7e61-4b17-82e9-3292c3e7dc63,Hat,1,22.38
2026-08-26T08:48:50Z,e1eb4df9-c087-4eef-b41c-1ced5ed297a9,Shirt,4,30.00
2026-08-26T08:48:50Z,e1eb4df9-c087-4eef-b41c-1ced5ed297a9,Pants,3,59.69
2026-08-26T08:48:50Z,e1eb4df9-c087-4eef-b41c-1ced5ed297a9,Hat,4,16.47
2026-08-26T09:10:57Z,caf53879-79ef-488c-a9a3-cacccd3af56c,Hat,4,24.20
2026-08-26T09:10:57Z,caf53879-79ef-488c-a9a3-cacccd3af56c,Pants,2,44.16
2026-08-26T09:10:57Z,caf53879-79ef-488c-a9a3-cacccd3af56c,Shirt,1,26.59
2026-08-26T13:12:54Z,c59bdccc-5be0-4f3c-b1a4-59c570c855a0,Shirt,3,34.09
2026-08-26T16:14:26Z,9d6d1606-8cc7-4a35-9e03-a4c59696dafc,Shirt,1,21.85
2026-08-26T19:33:48Z,aabe25ca-837b-4f02-8005-f5b13dcdde9f,Hat,1,15.29
2026-08-26T19:33:48Z,aabe25ca-837b-4f02-8005-f5b13dcdde9f,Shirt,2,23.34
2026-08-26T19:54:25Z,9de2834a-7416-40d8-886b-0cdbe94fcd2d,Hat,4,23.38
2026-08-26T22:18:35Z,cab5f623-40e2-4b24-ab43-3da560bb4107,Hat,4,19.94
2026-08-26T22:18:35Z,cab5f623-40e2-4b24-ab43-3da560bb4107,Pants,3,42.09
2026-08-26T22:18:35Z,cab5f623-40e2-4b24-ab43-3da560bb4107,Shirt,4,30.31
2026-08-27T09:45:24Z,d71fc5d0-aa46-4bc7-a2c2-d9d61bd9abab,Hat,4,21.60
2026-08-27T09:45:24Z,d71fc5d0-aa46-4bc7-a2c2-d9d61bd9abab,Shirt,2,27.14
2026-08-27T11:22:26Z,e43d4161-a0a1-4147-b463-f40fe63d66f2,Hat,3,17.48
2026-08-27T11:22:26Z,e43d4161-a0a1-4147-b463-f40fe63d66f2,Pants,1,49.81
2026-08-27T12:20:36Z,4094b493-1f0a-47dc-9834-df23a84b6730,Shirt,2,21.50
2026-08-27T14:29:02Z,03b2303d-110f-4641-b416-99312d1f572f,Hat,3,20.57
2026-08-27T15:50:29Z,377d70f8-f5a3-4aa5-8c8c-f9438e18f6e9,Shirt,4,29.93
2026-08-27T17:20:02Z,0750ad3d-c2e5-4eb1-82eb-1ac9a9b29203,Pants,4,49.20
2026-08-27T17:20:02Z,0750ad3d-c2e5-4eb1-82eb-1ac9a9b29203,Shirt,4,24.00
2026-08-27T17:34:01Z,fb2385fd-9c6d-490b-ad1e-9abc1c0ea4c0,Shirt,1,33.20
2026-08-27T18:24:39Z,3bf8706d-ed45-415e-9a5c-960cdc58b701,Shirt,1,20.92
2026-08-27T18:24:39Z,3bf8706d-ed45-415e-9a5c-960cdc58b701,Pants,3,38.20
2026-08-27T18:24:39Z,3bf8706d-ed45-415e-9a5c-960cdc58b701,Hat,1,18.49
2026-08-27T19:43:20Z,2a5248ec-fda0-4993-9f21-04b9df774e97,Shirt,1,29.33
2026-08-27T19:47:05Z,6f75ff10-c8bf-4676-9200-87eb39b55ea0,Pants,4,41.83
2026-08-27T19:47:05Z,6f75ff10-c8bf-4676-9200-87eb39b55ea0,Hat,3,19.27
2026-08-27T19:47:05Z,6f75ff10-c8bf-4676-9200-87eb39b55ea0,Shirt,3,31.93
2026-08-27T21:21:10Z,222a5a34-78fb-43fa-a395-266e4986cfbd,Shirt,1,23.03
2026-08-27T21:21:10Z,222a5a34-78fb-43fa-a395-266e4986cfbd,Pants,2,56.01
2026-08-27T21:21:10Z,222a5a34-78fb-43fa-a395-266e4986cfbd,Hat,1,17.87
2026-08-28T00:15:51Z,97921c58-b1d4-46bd-8e77-f9027080c579,Shirt,4,28.40
2026-08-28T00:15:51Z,97921c58-b1d4-46bd-8e77-f9027080c579,Pants,1,45.55
2026-08-28T02:40:13Z,36198f47-885a-43b9-b880-4b7a79f2482e,Shirt,3,29.69
2026-08-28T02:40:13Z,36198f47-885a-43b9-b880-4b7a79f2482e,Pants,2,52.17
2026-08-28T03:36:47Z,919eb2bf-896f-4b85-9059-1f4746ae887a,Hat,2,23.85
2026-08-28T03:36:47Z,919eb2bf-896f-4b85-9059-1f4746ae887a,Shirt,3,29.00
2026-08-28T03:36:47Z,919eb2bf-896f-4b85-9059-1f4746ae887a,Pants,4,43.23
2026-08-28T06:09:06Z,25a7e7e4-978e-46dd-b88b-1ab154ff6f69,Hat,4,24.70
2026-08-28T06:26:25Z,9c068473-5bf4-45e5-906a-e110f14ed716,Pants,2,51.79
2026-08-28T06:26:25Z,9c068473-5bf4-45e5-906a-e110f14ed716,Shirt,2,33.21
2026-08-28T08:50:51Z,47001743-a027-496d-8136-e6438b062b42,Pants,1,51.11
2026-08-28T08:50:51Z,47001743-a027-496d-8136-e6438b062b42,Hat,4,24.64
2026-08-28T10:38:19Z,cf5ded29-c686-4911-a688-0ad29cdbe724,Shirt,1,33.45
2026-08-28T15:34:23Z,a3006dec-e781-421b-b5de-1cfdd4df848d,Hat,2,19.75
2026-08-28T15:34:23Z,a3006dec-e781-421b-b5de-1cfdd4df848d,Shirt,2,34.45
2026-08-28T15:34:23Z,a3006dec-e781-421b-b5de-1cfdd4df848d,Pants,3,44.07
2026-08-28T19:02:53Z,b9add489-ce96-4ea6-bdf8-0da94496cd5c,Pants,4,41.32
2026-08-28T19:02:53Z,b9add489-ce96-4ea6-bdf8-0da94496cd5c,Hat,3,18.09
2026-08-28T19:02:53Z,b9add489-ce96-4ea6-bdf8-0da94496cd5c,Shirt,1,33.55
2026-08-28T23:29:17Z,5152b1a4-dfaf-40df-9205-fe0e4d4feadc,Pants,3,48.06
2026-08-28T23:29:17Z,5152b1a4-dfaf-40df-9205-fe0e4d4feadc,Shirt,2,26.94
2026-08-28T23:29:17Z,5152b1a4-dfaf-40df-9205-fe0e4d4feadc,Hat,3,16.50
2026-08-29T10:36:05Z,7cf893e7-5b56-4eb9-9a4b-0d58f9e24077,Hat,2,17.50
2026-08-29T10:45:27Z,5e5e0f27-f66a-4048-b0f1-3a189c7249d8,Hat,1,21.98
2026-08-29T12:59:58Z,a00d6045-c842-4fbe-bffc-0949090a1ae4,Shirt,2,34.04
2026-08-29T12:59:58Z,a00d6045-c842-4fbe-bffc-0949090a1ae4,Hat,2,17.97
2026-08-29T17:47:20Z,98f526fd-3416-4dac-9c77-d24e5d1b035e,Pants,2,54.05
2026-08-29T17:47:20Z,98f526fd-3416-4dac-9c77-d24e5d1b035e,Hat,2,21.30
2026-08-29T20:26:50Z,4c90316d-cf78-4c81-a667-648403ea8f1a,Shirt,4,33.00
2026-08-30T02:06:35Z,eb1c65c2-10cc-4e30-a608-601c95b3a772,Hat,2,18.33
2026-08-30T05:03:25Z,5ea4c0b8-209d-48af-bc7a-e01fdbf57437,Shirt,3,21.34
2026-08-30T05:03:25Z,5ea4c0b8-209d-48af-bc7a-e01fdbf57437,Pants,1,39.25
2026-08-30T05:03:25Z,5ea4c0b8-209d-48af-bc7a-e01fdbf57437,Hat,4,15.14
2026-08-30T05:26:50Z,a82d0fa6-8177-439d-b011-659b2d64cb69,Hat,3,17.90
2026-08-30T11:37:43Z,2828ca38-8e14-4321-a789-3df0b4a89a6d,Shirt,3,27.03
2026-08-30T11:37:43Z,2828ca38-8e14-4321-a789-3df0b4a89a6d,Hat,4,24.74
2026-08-30T11:37:43Z,2828ca38-8e14-4321-a789-3df0b4a89a6d,Pants,4,52.17
2026-08-30T14:30:55Z,2623637e-5811-41f4-ab56-7da3f9af6432,Hat,3,21.87
2026-08-30T14:30:55Z,2623637e-5811-41f4-ab56-7da3f9af6432,Shirt,2,31.99
2026-08-30T14:30:55Z,2623637e-5811-41f4-ab56-7da3f9af6432,Pants,3,37.11
2026-08-30T17:02:37Z,294e9f0a-1b4d-404e-92c9-a3888567b6e4,Shirt,4,22.55
2026-08-30T18:14:01Z,5365ad28-a9aa-4034-8ff7-986204f51781,Pants,2,51.18
2026-08-30T19:45:47Z,14d8c23b-be99-4d3b-a23c-dce684eeec76,Hat,4,17.54
2026-08-30T22:13:12Z,fa3de980-c80b-4bc7-8d6b-a5b6f2e13563,Shirt,4,25.73
2026-08-30T22:13:12Z,fa3de980-c80b-4bc7-8d6b-a5b6f2e13563,Pants,2,56.41
2026-08-30T22:33:27Z,f4fa35e1-8442-4929-acca-26bef215dfb9,Shirt,1,21.75
